set,model,seed,target,n,MAE,RMSE,R2,rho,publication
per_pub,MLP,0,Abs. λmax (nm),138,35.4205,40.8194,-0.1715,0.5572,10.1021/acs.joc.6b00414
per_pub,MLP,0,Em. λmax (nm),138,30.4407,35.5717,0.3597,0.6251,10.1021/acs.joc.6b00414
per_pub,MLP,0,ΦF (quantum yield),138,0.2532,0.2879,0.4328,0.7269,10.1021/acs.joc.6b00414
per_pub,MLP,0,log ε,138,0.1615,0.2206,-0.0551,0.1788,10.1021/acs.joc.6b00414
per_pub,MLP,0,Abs. λmax (nm),22,32.9855,41.154,-0.1501,0.7246,10.1021/ol202379w
per_pub,MLP,0,Em. λmax (nm),22,50.5179,60.095,-1.3563,0.7987,10.1021/ol202379w
per_pub,MLP,0,ΦF (quantum yield),20,0.368,0.4073,-3.6121,0.4115,10.1021/ol202379w
per_pub,MLP,0,Abs. λmax (nm),100,27.7134,35.7874,0.3084,0.5572,10.1016/j.dyepig.2018.01.043
per_pub,MLP,0,Em. λmax (nm),100,22.1914,31.5704,0.176,0.4894,10.1016/j.dyepig.2018.01.043
per_pub,MLP,0,ΦF (quantum yield),70,0.3064,0.3631,-0.7396,-0.2554,10.1016/j.dyepig.2018.01.043
per_pub,MLP,0,Abs. λmax (nm),96,22.357,27.7021,0.7096,0.8478,10.1021/acs.joc.9b01425
per_pub,MLP,0,Em. λmax (nm),96,16.2731,21.3083,0.7894,0.9033,10.1021/acs.joc.9b01425
per_pub,MLP,0,ΦF (quantum yield),96,0.2155,0.2588,0.0418,0.3913,10.1021/acs.joc.9b01425
per_pub,MLP,0,log ε,96,0.1628,0.2085,-0.2756,0.3301,10.1021/acs.joc.9b01425
per_pub,MLP,0,Abs. λmax (nm),23,46.7926,61.9402,-2.3036,0.0723,10.1021/acs.joc.9b00020
per_pub,MLP,0,Em. λmax (nm),23,24.399,28.176,-0.9322,0.7559,10.1021/acs.joc.9b00020
per_pub,MLP,0,ΦF (quantum yield),23,0.1667,0.2044,-0.0269,0.4803,10.1021/acs.joc.9b00020
per_pub,MLP,0,log ε,23,0.2103,0.2466,-6.9165,-0.284,10.1021/acs.joc.9b00020
per_pub,MLP,0,Abs. λmax (nm),83,45.5023,57.5736,-5.993,0.531,10.1021/ol503379c
per_pub,MLP,0,Em. λmax (nm),83,70.4075,82.111,-16.9589,0.5207,10.1021/ol503379c
per_pub,MLP,0,ΦF (quantum yield),83,0.338,0.3784,-1.6461,0.0193,10.1021/ol503379c
per_pub,MLP,0,log ε,81,0.262,0.2818,-9.6716,0.4663,10.1021/ol503379c
per_pub,MLP,0,Abs. λmax (nm),96,21.5082,25.4318,-4.8801,0.5169,10.1039/c7cp08472b
per_pub,MLP,0,Em. λmax (nm),96,36.6711,38.6626,-10.6941,0.2869,10.1039/c7cp08472b
per_pub,MLP,0,ΦF (quantum yield),90,0.2653,0.3072,0.2844,0.7417,10.1039/c7cp08472b
per_pub,MLP,0,Abs. λmax (nm),35,33.0467,37.8297,-5.46,0.3784,10.1021/acs.joc.8b01429
per_pub,MLP,0,Em. λmax (nm),35,72.1969,80.5162,-8.5669,-0.0868,10.1021/acs.joc.8b01429
per_pub,MLP,0,ΦF (quantum yield),33,0.208,0.2385,0.3823,0.6409,10.1021/acs.joc.8b01429
per_pub,MLP,0,log ε,35,0.1515,0.1899,-0.233,-0.1934,10.1021/acs.joc.8b01429
per_pub,MLP,0,Abs. λmax (nm),90,20.9146,24.5411,-0.2342,0.5451,10.1016/j.tet.2011.11.070
per_pub,MLP,0,Em. λmax (nm),90,13.7512,17.4113,0.3825,0.7952,10.1016/j.tet.2011.11.070
per_pub,MLP,0,ΦF (quantum yield),90,0.4597,0.4947,-3.359,0.6907,10.1016/j.tet.2011.11.070
per_pub,MLP,0,log ε,90,0.2379,0.2978,-0.5759,0.0859,10.1016/j.tet.2011.11.070
per_pub,MLP,0,Abs. λmax (nm),14,63.928,75.6902,-3.4136,0.5017,10.1016/j.jphotobiol.2017.12.006
per_pub,MLP,0,Em. λmax (nm),14,59.3407,73.2565,-24.2767,0.6967,10.1016/j.jphotobiol.2017.12.006
per_pub,MLP,0,ΦF (quantum yield),14,0.3549,0.3857,-2.5451,0.1146,10.1016/j.jphotobiol.2017.12.006
per_pub,MLP,0,log ε,14,0.293,0.3149,-17.7029,0.396,10.1016/j.jphotobiol.2017.12.006
per_pub,MLP,0,Abs. λmax (nm),12,20.7274,26.2272,-1.947,0.6795,10.1016/j.dyepig.2018.04.070
per_pub,MLP,0,Em. λmax (nm),12,30.7519,46.7292,0.4817,0.6364,10.1016/j.dyepig.2018.04.070
per_pub,MLP,0,ΦF (quantum yield),12,0.2108,0.2947,0.0312,0.4413,10.1016/j.dyepig.2018.04.070
per_pub,MLP,0,log ε,12,0.3429,0.4084,-1.4732,-0.0502,10.1016/j.dyepig.2018.04.070
per_pub,MLP,0,Abs. λmax (nm),43,51.3257,54.4286,-42.0423,0.3951,10.1021/acs.joc.8b02933
per_pub,MLP,0,Em. λmax (nm),43,62.9314,65.5589,-38.8068,0.2446,10.1021/acs.joc.8b02933
per_pub,MLP,0,ΦF (quantum yield),43,0.321,0.3667,-2.5364,0.3144,10.1021/acs.joc.8b02933
per_pub,MLP,0,log ε,43,0.2585,0.2824,-6.0192,0.1362,10.1021/acs.joc.8b02933
per_pub,1D-CNN,0,Abs. λmax (nm),138,35.4167,43.4242,-0.3258,0.1093,10.1021/acs.joc.6b00414
per_pub,1D-CNN,0,Em. λmax (nm),138,35.405,43.2452,0.0537,0.3117,10.1021/acs.joc.6b00414
per_pub,1D-CNN,0,ΦF (quantum yield),138,0.3796,0.4241,-0.2307,0.1696,10.1021/acs.joc.6b00414
per_pub,1D-CNN,0,log ε,138,0.1735,0.2221,-0.0691,0.2429,10.1021/acs.joc.6b00414
per_pub,1D-CNN,0,Abs. λmax (nm),22,53.8569,67.5266,-2.0965,0.6363,10.1021/ol202379w
per_pub,1D-CNN,0,Em. λmax (nm),22,74.2796,87.4656,-3.9916,0.5987,10.1021/ol202379w
per_pub,1D-CNN,0,ΦF (quantum yield),20,0.5111,0.564,-7.8447,0.1364,10.1021/ol202379w
per_pub,1D-CNN,0,Abs. λmax (nm),100,27.5074,37.5696,0.2378,0.436,10.1016/j.dyepig.2018.01.043
per_pub,1D-CNN,0,Em. λmax (nm),100,25.9575,35.0587,-0.0161,0.3772,10.1016/j.dyepig.2018.01.043
per_pub,1D-CNN,0,ΦF (quantum yield),70,0.319,0.3703,-0.809,-0.6774,10.1016/j.dyepig.2018.01.043
per_pub,1D-CNN,0,Abs. λmax (nm),96,29.9326,36.381,0.4992,0.8429,10.1021/acs.joc.9b01425
per_pub,1D-CNN,0,Em. λmax (nm),96,27.3199,32.5256,0.5094,0.8771,10.1021/acs.joc.9b01425
per_pub,1D-CNN,0,ΦF (quantum yield),96,0.2463,0.2936,-0.2332,0.3943,10.1021/acs.joc.9b01425
per_pub,1D-CNN,0,log ε,96,0.098,0.1301,0.5029,0.7164,10.1021/acs.joc.9b01425
per_pub,1D-CNN,0,Abs. λmax (nm),23,32.3551,38.6327,-0.2851,0.3415,10.1021/acs.joc.9b00020
per_pub,1D-CNN,0,Em. λmax (nm),23,17.09,21.6565,-0.1415,0.5382,10.1021/acs.joc.9b00020
per_pub,1D-CNN,0,ΦF (quantum yield),23,0.203,0.22,-0.1898,0.5289,10.1021/acs.joc.9b00020
per_pub,1D-CNN,0,log ε,23,0.1777,0.2131,-4.9115,0.0392,10.1021/acs.joc.9b00020
per_pub,1D-CNN,0,Abs. λmax (nm),83,58.7284,67.1214,-8.5048,0.4025,10.1021/ol503379c
per_pub,1D-CNN,0,Em. λmax (nm),83,97.7587,104.2624,-27.9556,0.441,10.1021/ol503379c
per_pub,1D-CNN,0,ΦF (quantum yield),83,0.4639,0.5146,-3.8936,0.1186,10.1021/ol503379c
per_pub,1D-CNN,0,log ε,81,0.2593,0.2818,-9.6743,-0.0159,10.1021/ol503379c
per_pub,1D-CNN,0,Abs. λmax (nm),96,29.6897,35.8955,-10.7141,0.2098,10.1039/c7cp08472b
per_pub,1D-CNN,0,Em. λmax (nm),96,41.8999,48.2667,-17.2256,0.1281,10.1039/c7cp08472b
per_pub,1D-CNN,0,ΦF (quantum yield),90,0.3536,0.3861,-0.13,0.2831,10.1039/c7cp08472b
per_pub,1D-CNN,0,Abs. λmax (nm),35,39.8069,47.6465,-9.2477,0.1554,10.1021/acs.joc.8b01429
per_pub,1D-CNN,0,Em. λmax (nm),35,82.4714,89.7815,-10.8954,0.0283,10.1021/acs.joc.8b01429
per_pub,1D-CNN,0,ΦF (quantum yield),33,0.2704,0.3042,-0.0047,0.0555,10.1021/acs.joc.8b01429
per_pub,1D-CNN,0,log ε,35,0.1478,0.1892,-0.2239,0.249,10.1021/acs.joc.8b01429
per_pub,1D-CNN,0,Abs. λmax (nm),90,18.7147,21.7723,0.0286,0.5124,10.1016/j.tet.2011.11.070
per_pub,1D-CNN,0,Em. λmax (nm),90,16.9364,19.4846,0.2267,0.5457,10.1016/j.tet.2011.11.070
per_pub,1D-CNN,0,ΦF (quantum yield),90,0.316,0.3575,-1.2766,0.4521,10.1016/j.tet.2011.11.070
per_pub,1D-CNN,0,log ε,90,0.2923,0.3666,-1.3882,-0.2675,10.1016/j.tet.2011.11.070
per_pub,1D-CNN,0,Abs. λmax (nm),14,75.9077,89.5601,-5.1794,0.2266,10.1016/j.jphotobiol.2017.12.006
per_pub,1D-CNN,0,Em. λmax (nm),14,81.2853,88.3906,-35.7993,0.6967,10.1016/j.jphotobiol.2017.12.006
per_pub,1D-CNN,0,ΦF (quantum yield),14,0.5319,0.5672,-6.6653,0.29,10.1016/j.jphotobiol.2017.12.006
per_pub,1D-CNN,0,log ε,14,0.2826,0.3059,-16.6502,-0.2596,10.1016/j.jphotobiol.2017.12.006
per_pub,1D-CNN,0,Abs. λmax (nm),12,19.2652,28.1698,-2.3998,0.5079,10.1016/j.dyepig.2018.04.070
per_pub,1D-CNN,0,Em. λmax (nm),12,44.1002,58.7369,0.1811,0.5874,10.1016/j.dyepig.2018.04.070
per_pub,1D-CNN,0,ΦF (quantum yield),12,0.1768,0.2253,0.4335,0.8581,10.1016/j.dyepig.2018.04.070
per_pub,1D-CNN,0,log ε,12,0.2074,0.2789,-0.154,0.1147,10.1016/j.dyepig.2018.04.070
per_pub,1D-CNN,0,Abs. λmax (nm),43,76.1418,78.4207,-88.3514,0.0957,10.1021/acs.joc.8b02933
per_pub,1D-CNN,0,Em. λmax (nm),43,87.3089,89.465,-73.1311,0.1223,10.1021/acs.joc.8b02933
per_pub,1D-CNN,0,ΦF (quantum yield),43,0.3578,0.3931,-3.0633,0.5962,10.1021/acs.joc.8b02933
per_pub,1D-CNN,0,log ε,43,0.1144,0.1321,-0.5357,0.4111,10.1021/acs.joc.8b02933
per_pub,Transformer,0,Abs. λmax (nm),138,37.4031,42.0779,-0.2449,0.62,10.1021/acs.joc.6b00414
per_pub,Transformer,0,Em. λmax (nm),138,29.5869,37.3103,0.2956,0.686,10.1021/acs.joc.6b00414
per_pub,Transformer,0,ΦF (quantum yield),138,0.3663,0.4001,-0.0953,0.426,10.1021/acs.joc.6b00414
per_pub,Transformer,0,log ε,138,0.1898,0.2318,-0.165,0.0973,10.1021/acs.joc.6b00414
per_pub,Transformer,0,Abs. λmax (nm),22,22.4244,26.0893,0.5378,0.695,10.1021/ol202379w
per_pub,Transformer,0,Em. λmax (nm),22,24.771,30.0868,0.4094,0.693,10.1021/ol202379w
per_pub,Transformer,0,ΦF (quantum yield),20,0.3189,0.3552,-2.5077,0.4989,10.1021/ol202379w
per_pub,Transformer,0,Abs. λmax (nm),100,45.7854,59.1368,-0.8885,0.3883,10.1016/j.dyepig.2018.01.043
per_pub,Transformer,0,Em. λmax (nm),100,47.9969,56.2258,-1.6135,0.43,10.1016/j.dyepig.2018.01.043
per_pub,Transformer,0,ΦF (quantum yield),70,0.3044,0.4015,-1.1265,-0.3254,10.1016/j.dyepig.2018.01.043
per_pub,Transformer,0,Abs. λmax (nm),96,49.817,61.637,-0.4375,0.3153,10.1021/acs.joc.9b01425
per_pub,Transformer,0,Em. λmax (nm),96,49.0958,59.1555,-0.6229,0.2773,10.1021/acs.joc.9b01425
per_pub,Transformer,0,ΦF (quantum yield),96,0.1901,0.2347,0.212,0.482,10.1021/acs.joc.9b01425
per_pub,Transformer,0,log ε,96,0.1725,0.2163,-0.3737,0.1113,10.1021/acs.joc.9b01425
per_pub,Transformer,0,Abs. λmax (nm),23,29.5294,33.5411,0.0313,0.3242,10.1021/acs.joc.9b00020
per_pub,Transformer,0,Em. λmax (nm),23,28.2924,33.0093,-1.652,0.2731,10.1021/acs.joc.9b00020
per_pub,Transformer,0,ΦF (quantum yield),23,0.1918,0.2144,-0.13,0.4694,10.1021/acs.joc.9b00020
per_pub,Transformer,0,log ε,23,0.2481,0.2659,-8.202,-0.1155,10.1021/acs.joc.9b00020
per_pub,Transformer,0,Abs. λmax (nm),83,47.6744,54.2596,-5.2112,0.661,10.1021/ol503379c
per_pub,Transformer,0,Em. λmax (nm),83,25.3439,35.0061,-2.2641,0.5593,10.1021/ol503379c
per_pub,Transformer,0,ΦF (quantum yield),83,0.371,0.4394,-2.5687,-0.5453,10.1021/ol503379c
per_pub,Transformer,0,log ε,81,0.1011,0.1212,-0.9732,0.5221,10.1021/ol503379c
per_pub,Transformer,0,Abs. λmax (nm),96,77.4191,84.1583,-63.3905,-0.1167,10.1039/c7cp08472b
per_pub,Transformer,0,Em. λmax (nm),96,90.4256,98.2083,-74.454,-0.1073,10.1039/c7cp08472b
per_pub,Transformer,0,ΦF (quantum yield),90,0.3923,0.4305,-0.4054,0.0065,10.1039/c7cp08472b
per_pub,Transformer,0,Abs. λmax (nm),35,36.3953,40.2859,-6.3261,0.4094,10.1021/acs.joc.8b01429
per_pub,Transformer,0,Em. λmax (nm),35,83.943,90.491,-11.0842,0.1315,10.1021/acs.joc.8b01429
per_pub,Transformer,0,ΦF (quantum yield),33,0.2808,0.3116,-0.0543,0.2047,10.1021/acs.joc.8b01429
per_pub,Transformer,0,log ε,35,0.1618,0.2083,-0.4835,-0.3007,10.1021/acs.joc.8b01429
per_pub,Transformer,0,Abs. λmax (nm),90,14.0443,17.6744,0.3598,0.5736,10.1016/j.tet.2011.11.070
per_pub,Transformer,0,Em. λmax (nm),90,24.5892,27.6784,-0.5604,0.4844,10.1016/j.tet.2011.11.070
per_pub,Transformer,0,ΦF (quantum yield),90,0.436,0.5006,-3.4625,0.6525,10.1016/j.tet.2011.11.070
per_pub,Transformer,0,log ε,90,0.3119,0.3779,-1.5375,-0.1351,10.1016/j.tet.2011.11.070
per_pub,Transformer,0,Abs. λmax (nm),14,34.5137,42.8497,-0.4145,0.6909,10.1016/j.jphotobiol.2017.12.006
per_pub,Transformer,0,Em. λmax (nm),14,30.6049,32.4435,-3.9577,0.9297,10.1016/j.jphotobiol.2017.12.006
per_pub,Transformer,0,ΦF (quantum yield),14,0.3226,0.3892,-2.6102,-0.8204,10.1016/j.jphotobiol.2017.12.006
per_pub,Transformer,0,log ε,14,0.1175,0.1384,-2.6137,0.3872,10.1016/j.jphotobiol.2017.12.006
per_pub,Transformer,0,Abs. λmax (nm),12,42.133,55.1613,-12.0362,0.6305,10.1016/j.dyepig.2018.04.070
per_pub,Transformer,0,Em. λmax (nm),12,23.5311,32.6255,0.7473,0.8392,10.1016/j.dyepig.2018.04.070
per_pub,Transformer,0,ΦF (quantum yield),12,0.331,0.358,-0.4301,-0.1716,10.1016/j.dyepig.2018.04.070
per_pub,Transformer,0,log ε,12,0.2466,0.3366,-0.6806,-0.5665,10.1016/j.dyepig.2018.04.070
per_pub,Transformer,0,Abs. λmax (nm),43,77.8307,79.8038,-91.5311,0.3627,10.1021/acs.joc.8b02933
per_pub,Transformer,0,Em. λmax (nm),43,82.7356,85.8149,-67.2054,0.4059,10.1021/acs.joc.8b02933
per_pub,Transformer,0,ΦF (quantum yield),43,0.2216,0.308,-1.4949,0.4197,10.1021/acs.joc.8b02933
per_pub,Transformer,0,log ε,43,0.1197,0.1533,-1.0687,0.1093,10.1021/acs.joc.8b02933
per_pub,GATv2,0,Abs. λmax (nm),138,34.7371,47.4035,-0.5799,0.591,10.1021/acs.joc.6b00414
per_pub,GATv2,0,Em. λmax (nm),138,40.5512,53.1208,-0.4278,0.6125,10.1021/acs.joc.6b00414
per_pub,GATv2,0,ΦF (quantum yield),138,0.3796,0.4337,-0.2868,0.4214,10.1021/acs.joc.6b00414
per_pub,GATv2,0,log ε,138,0.1951,0.2462,-0.3138,0.06,10.1021/acs.joc.6b00414
per_pub,GATv2,0,Abs. λmax (nm),22,9.6263,11.5014,0.9102,0.7229,10.1021/ol202379w
per_pub,GATv2,0,Em. λmax (nm),22,22.3629,26.0171,0.5583,0.7487,10.1021/ol202379w
per_pub,GATv2,0,ΦF (quantum yield),20,0.455,0.4863,-5.5767,0.5697,10.1021/ol202379w
per_pub,GATv2,0,Abs. λmax (nm),100,29.6522,39.721,0.148,0.4229,10.1016/j.dyepig.2018.01.043
per_pub,GATv2,0,Em. λmax (nm),100,27.4163,38.1754,-0.2048,0.4491,10.1016/j.dyepig.2018.01.043
per_pub,GATv2,0,ΦF (quantum yield),70,0.337,0.4027,-1.1395,-0.2324,10.1016/j.dyepig.2018.01.043
per_pub,GATv2,0,Abs. λmax (nm),96,28.6186,33.8424,0.5666,0.8866,10.1021/acs.joc.9b01425
per_pub,GATv2,0,Em. λmax (nm),96,23.6671,29.6422,0.5925,0.8811,10.1021/acs.joc.9b01425
per_pub,GATv2,0,ΦF (quantum yield),96,0.2095,0.257,0.0546,0.2143,10.1021/acs.joc.9b01425
per_pub,GATv2,0,log ε,96,0.108,0.1471,0.365,0.7009,10.1021/acs.joc.9b01425
per_pub,GATv2,0,Abs. λmax (nm),23,44.6761,58.6943,-1.9664,-0.0069,10.1021/acs.joc.9b00020
per_pub,GATv2,0,Em. λmax (nm),23,24.6803,31.3925,-1.3986,0.6728,10.1021/acs.joc.9b00020
per_pub,GATv2,0,ΦF (quantum yield),23,0.1997,0.2265,-0.2614,0.5532,10.1021/acs.joc.9b00020
per_pub,GATv2,0,log ε,23,0.2601,0.2807,-9.2523,-0.117,10.1021/acs.joc.9b00020
per_pub,GATv2,0,Abs. λmax (nm),83,67.1386,81.7732,-13.1072,0.6529,10.1021/ol503379c
per_pub,GATv2,0,Em. λmax (nm),83,96.1332,103.1857,-27.3607,0.7006,10.1021/ol503379c
per_pub,GATv2,0,ΦF (quantum yield),83,0.3277,0.4035,-2.0091,-0.215,10.1021/ol503379c
per_pub,GATv2,0,log ε,81,0.2463,0.2961,-10.7787,0.3796,10.1021/ol503379c
per_pub,GATv2,0,Abs. λmax (nm),96,44.4244,49.5494,-21.3206,-0.1495,10.1039/c7cp08472b
per_pub,GATv2,0,Em. λmax (nm),96,59.1679,63.6875,-30.7318,0.083,10.1039/c7cp08472b
per_pub,GATv2,0,ΦF (quantum yield),90,0.4253,0.468,-0.6605,-0.0765,10.1039/c7cp08472b
per_pub,GATv2,0,Abs. λmax (nm),35,42.7351,44.9525,-8.1216,0.3788,10.1021/acs.joc.8b01429
per_pub,GATv2,0,Em. λmax (nm),35,88.2846,91.289,-11.2982,0.3491,10.1021/acs.joc.8b01429
per_pub,GATv2,0,ΦF (quantum yield),33,0.2798,0.3277,-0.1657,0.5456,10.1021/acs.joc.8b01429
per_pub,GATv2,0,log ε,35,0.1487,0.1942,-0.2896,0.5656,10.1021/acs.joc.8b01429
per_pub,GATv2,0,Abs. λmax (nm),90,26.5162,29.6418,-0.8006,0.7729,10.1016/j.tet.2011.11.070
per_pub,GATv2,0,Em. λmax (nm),90,27.8161,31.8127,-1.0614,0.822,10.1016/j.tet.2011.11.070
per_pub,GATv2,0,ΦF (quantum yield),90,0.3418,0.3818,-1.5963,0.5764,10.1016/j.tet.2011.11.070
per_pub,GATv2,0,log ε,90,0.2799,0.3491,-1.1664,-0.0966,10.1016/j.tet.2011.11.070
per_pub,GATv2,0,Abs. λmax (nm),14,78.9841,97.9258,-6.3877,0.6799,10.1016/j.jphotobiol.2017.12.006
per_pub,GATv2,0,Em. λmax (nm),14,76.4694,85.8219,-33.6915,0.8242,10.1016/j.jphotobiol.2017.12.006
per_pub,GATv2,0,ΦF (quantum yield),14,0.3393,0.4109,-3.024,-0.1686,10.1016/j.jphotobiol.2017.12.006
per_pub,GATv2,0,log ε,14,0.2324,0.2927,-15.1662,0.4664,10.1016/j.jphotobiol.2017.12.006
per_pub,GATv2,0,Abs. λmax (nm),12,23.9706,28.1546,-2.3961,0.7356,10.1016/j.dyepig.2018.04.070
per_pub,GATv2,0,Em. λmax (nm),12,35.6991,49.2942,0.4232,0.7063,10.1016/j.dyepig.2018.04.070
per_pub,GATv2,0,ΦF (quantum yield),12,0.2063,0.2753,0.1545,0.5394,10.1016/j.dyepig.2018.04.070
per_pub,GATv2,0,log ε,12,0.2441,0.3143,-0.4649,0.1578,10.1016/j.dyepig.2018.04.070
per_pub,GATv2,0,Abs. λmax (nm),43,43.6367,46.9647,-31.0467,0.0883,10.1021/acs.joc.8b02933
per_pub,GATv2,0,Em. λmax (nm),43,62.7617,65.9137,-39.2388,0.0989,10.1021/acs.joc.8b02933
per_pub,GATv2,0,ΦF (quantum yield),43,0.239,0.2769,-1.0158,0.6427,10.1021/acs.joc.8b02933
per_pub,GATv2,0,log ε,43,0.2168,0.2319,-3.7314,0.7076,10.1021/acs.joc.8b02933
per_pub,MLP,1,Abs. λmax (nm),138,35.2677,40.9252,-0.1776,0.5619,10.1021/acs.joc.6b00414
per_pub,MLP,1,Em. λmax (nm),138,34.3841,40.2391,0.1807,0.6404,10.1021/acs.joc.6b00414
per_pub,MLP,1,ΦF (quantum yield),138,0.2736,0.3108,0.339,0.6308,10.1021/acs.joc.6b00414
per_pub,MLP,1,log ε,138,0.1606,0.2263,-0.1103,0.2412,10.1021/acs.joc.6b00414
per_pub,MLP,1,Abs. λmax (nm),22,26.5301,35.725,0.1333,0.7041,10.1021/ol202379w
per_pub,MLP,1,Em. λmax (nm),22,37.2107,47.4193,-0.4671,0.7027,10.1021/ol202379w
per_pub,MLP,1,ΦF (quantum yield),20,0.43,0.4786,-5.3696,0.1387,10.1021/ol202379w
per_pub,MLP,1,Abs. λmax (nm),100,29.3519,35.94,0.3025,0.495,10.1016/j.dyepig.2018.01.043
per_pub,MLP,1,Em. λmax (nm),100,24.0629,32.7246,0.1147,0.4627,10.1016/j.dyepig.2018.01.043
per_pub,MLP,1,ΦF (quantum yield),70,0.2978,0.3499,-0.6156,-0.1999,10.1016/j.dyepig.2018.01.043
per_pub,MLP,1,Abs. λmax (nm),96,20.9642,25.7564,0.749,0.8476,10.1021/acs.joc.9b01425
per_pub,MLP,1,Em. λmax (nm),96,17.5976,21.7978,0.7796,0.8543,10.1021/acs.joc.9b01425
per_pub,MLP,1,ΦF (quantum yield),96,0.2106,0.2443,0.1462,0.346,10.1021/acs.joc.9b01425
per_pub,MLP,1,log ε,96,0.1756,0.2298,-0.5504,0.0349,10.1021/acs.joc.9b01425
per_pub,MLP,1,Abs. λmax (nm),23,35.5846,46.9655,-0.8993,0.1302,10.1021/acs.joc.9b00020
per_pub,MLP,1,Em. λmax (nm),23,12.3167,15.7599,0.3955,0.5333,10.1021/acs.joc.9b00020
per_pub,MLP,1,ΦF (quantum yield),23,0.1761,0.2119,-0.1034,0.5175,10.1021/acs.joc.9b00020
per_pub,MLP,1,log ε,23,0.2097,0.2344,-6.1491,0.0634,10.1021/acs.joc.9b00020
per_pub,MLP,1,Abs. λmax (nm),83,45.1884,53.0653,-4.9407,0.5525,10.1021/ol503379c
per_pub,MLP,1,Em. λmax (nm),83,62.5455,70.7533,-12.3343,0.6454,10.1021/ol503379c
per_pub,MLP,1,ΦF (quantum yield),83,0.3391,0.3784,-1.6457,-0.1475,10.1021/ol503379c
per_pub,MLP,1,log ε,81,0.2006,0.2189,-5.4415,0.2287,10.1021/ol503379c
per_pub,MLP,1,Abs. λmax (nm),96,19.9952,23.9691,-4.2232,0.5328,10.1039/c7cp08472b
per_pub,MLP,1,Em. λmax (nm),96,27.8472,31.5911,-6.8075,0.2714,10.1039/c7cp08472b
per_pub,MLP,1,ΦF (quantum yield),90,0.2711,0.3067,0.2868,0.7852,10.1039/c7cp08472b
per_pub,MLP,1,Abs. λmax (nm),35,42.7277,47.1144,-9.0201,0.3675,10.1021/acs.joc.8b01429
per_pub,MLP,1,Em. λmax (nm),35,87.6296,93.5054,-11.9027,-0.1119,10.1021/acs.joc.8b01429
per_pub,MLP,1,ΦF (quantum yield),33,0.1725,0.2057,0.5408,0.7663,10.1021/acs.joc.8b01429
per_pub,MLP,1,log ε,35,0.1504,0.1831,-0.1471,-0.0791,10.1021/acs.joc.8b01429
per_pub,MLP,1,Abs. λmax (nm),90,20.9763,24.92,-0.2726,0.7298,10.1016/j.tet.2011.11.070
per_pub,MLP,1,Em. λmax (nm),90,13.8244,16.8048,0.4248,0.8302,10.1016/j.tet.2011.11.070
per_pub,MLP,1,ΦF (quantum yield),90,0.4212,0.4715,-2.959,0.7292,10.1016/j.tet.2011.11.070
per_pub,MLP,1,log ε,90,0.2634,0.3173,-0.789,0.1371,10.1016/j.tet.2011.11.070
per_pub,MLP,1,Abs. λmax (nm),14,68.2533,76.4359,-3.501,0.4092,10.1016/j.jphotobiol.2017.12.006
per_pub,MLP,1,Em. λmax (nm),14,51.1098,62.628,-17.4741,0.6176,10.1016/j.jphotobiol.2017.12.006
per_pub,MLP,1,ΦF (quantum yield),14,0.3376,0.3767,-2.3806,-0.1056,10.1016/j.jphotobiol.2017.12.006
per_pub,MLP,1,log ε,14,0.2016,0.2185,-8.0063,0.2376,10.1016/j.jphotobiol.2017.12.006
per_pub,MLP,1,Abs. λmax (nm),12,26.7908,32.9617,-3.6548,0.7671,10.1016/j.dyepig.2018.04.070
per_pub,MLP,1,Em. λmax (nm),12,33.9978,45.7968,0.5022,0.6643,10.1016/j.dyepig.2018.04.070
per_pub,MLP,1,ΦF (quantum yield),12,0.2306,0.2877,0.0764,0.6585,10.1016/j.dyepig.2018.04.070
per_pub,MLP,1,log ε,12,0.364,0.4376,-1.8392,-0.3621,10.1016/j.dyepig.2018.04.070
per_pub,MLP,1,Abs. λmax (nm),43,31.3983,35.6048,-17.4186,0.5113,10.1021/acs.joc.8b02933
per_pub,MLP,1,Em. λmax (nm),43,44.9526,49.7325,-21.9073,0.1636,10.1021/acs.joc.8b02933
per_pub,MLP,1,ΦF (quantum yield),43,0.366,0.4104,-3.4274,0.3,10.1021/acs.joc.8b02933
per_pub,MLP,1,log ε,43,0.2524,0.2709,-5.4586,0.4536,10.1021/acs.joc.8b02933
per_pub,1D-CNN,1,Abs. λmax (nm),138,31.9864,39.691,-0.1076,0.1954,10.1021/acs.joc.6b00414
per_pub,1D-CNN,1,Em. λmax (nm),138,37.4005,45.5011,-0.0476,0.2996,10.1021/acs.joc.6b00414
per_pub,1D-CNN,1,ΦF (quantum yield),138,0.3897,0.4287,-0.2576,0.2163,10.1021/acs.joc.6b00414
per_pub,1D-CNN,1,log ε,138,0.1688,0.2077,0.0646,0.2871,10.1021/acs.joc.6b00414
per_pub,1D-CNN,1,Abs. λmax (nm),22,34.0558,42.1142,-0.2044,0.6825,10.1021/ol202379w
per_pub,1D-CNN,1,Em. λmax (nm),22,54.561,62.3862,-1.5395,0.6714,10.1021/ol202379w
per_pub,1D-CNN,1,ΦF (quantum yield),20,0.4729,0.5301,-6.8149,-0.0671,10.1021/ol202379w
per_pub,1D-CNN,1,Abs. λmax (nm),100,36.0478,43.5429,-0.0238,0.2464,10.1016/j.dyepig.2018.01.043
per_pub,1D-CNN,1,Em. λmax (nm),100,33.3709,39.9642,-0.3204,0.1738,10.1016/j.dyepig.2018.01.043
per_pub,1D-CNN,1,ΦF (quantum yield),70,0.3124,0.3617,-0.7264,-0.4078,10.1016/j.dyepig.2018.01.043
per_pub,1D-CNN,1,Abs. λmax (nm),96,27.6616,31.2531,0.6304,0.8297,10.1021/acs.joc.9b01425
per_pub,1D-CNN,1,Em. λmax (nm),96,26.6337,30.5751,0.5665,0.8541,10.1021/acs.joc.9b01425
per_pub,1D-CNN,1,ΦF (quantum yield),96,0.2543,0.3002,-0.2896,0.1986,10.1021/acs.joc.9b01425
per_pub,1D-CNN,1,log ε,96,0.1215,0.1498,0.3416,0.7295,10.1021/acs.joc.9b01425
per_pub,1D-CNN,1,Abs. λmax (nm),23,31.8743,39.5119,-0.3443,0.5781,10.1021/acs.joc.9b00020
per_pub,1D-CNN,1,Em. λmax (nm),23,19.0394,23.9459,-0.3956,0.33,10.1021/acs.joc.9b00020
per_pub,1D-CNN,1,ΦF (quantum yield),23,0.2089,0.2387,-0.4002,0.4585,10.1021/acs.joc.9b00020
per_pub,1D-CNN,1,log ε,23,0.15,0.1878,-3.5881,-0.0332,10.1021/acs.joc.9b00020
per_pub,1D-CNN,1,Abs. λmax (nm),83,44.5732,50.0424,-4.2832,0.6855,10.1021/ol503379c
per_pub,1D-CNN,1,Em. λmax (nm),83,82.6293,85.3732,-18.4143,0.7481,10.1021/ol503379c
per_pub,1D-CNN,1,ΦF (quantum yield),83,0.4447,0.4777,-3.2171,0.1011,10.1021/ol503379c
per_pub,1D-CNN,1,log ε,81,0.1675,0.2083,-4.8307,-0.1215,10.1021/ol503379c
per_pub,1D-CNN,1,Abs. λmax (nm),96,30.1114,36.7838,-11.301,0.1862,10.1039/c7cp08472b
per_pub,1D-CNN,1,Em. λmax (nm),96,46.5568,53.9628,-21.7811,0.1176,10.1039/c7cp08472b
per_pub,1D-CNN,1,ΦF (quantum yield),90,0.3288,0.3559,0.0399,0.5738,10.1039/c7cp08472b
per_pub,1D-CNN,1,Abs. λmax (nm),35,30.322,35.4922,-4.6863,0.0879,10.1021/acs.joc.8b01429
per_pub,1D-CNN,1,Em. λmax (nm),35,63.1138,70.2472,-6.2822,0.0803,10.1021/acs.joc.8b01429
per_pub,1D-CNN,1,ΦF (quantum yield),33,0.2266,0.2749,0.1795,0.3035,10.1021/acs.joc.8b01429
per_pub,1D-CNN,1,log ε,35,0.1854,0.2333,-0.8611,-0.3864,10.1021/acs.joc.8b01429
per_pub,1D-CNN,1,Abs. λmax (nm),90,14.0924,18.9055,0.2676,0.5731,10.1016/j.tet.2011.11.070
per_pub,1D-CNN,1,Em. λmax (nm),90,15.1022,18.8606,0.2755,0.4443,10.1016/j.tet.2011.11.070
per_pub,1D-CNN,1,ΦF (quantum yield),90,0.3711,0.4106,-2.0024,0.6204,10.1016/j.tet.2011.11.070
per_pub,1D-CNN,1,log ε,90,0.2753,0.3494,-1.1695,-0.3576,10.1016/j.tet.2011.11.070
per_pub,1D-CNN,1,Abs. λmax (nm),14,72.2162,77.7934,-3.6623,0.8493,10.1016/j.jphotobiol.2017.12.006
per_pub,1D-CNN,1,Em. λmax (nm),14,75.2315,78.8539,-28.2869,0.6088,10.1016/j.jphotobiol.2017.12.006
per_pub,1D-CNN,1,ΦF (quantum yield),14,0.4645,0.4804,-4.4983,0.3439,10.1016/j.jphotobiol.2017.12.006
per_pub,1D-CNN,1,log ε,14,0.1413,0.1788,-5.0309,-0.2684,10.1016/j.jphotobiol.2017.12.006
per_pub,1D-CNN,1,Abs. λmax (nm),12,30.1006,40.966,-6.19,0.3047,10.1016/j.dyepig.2018.04.070
per_pub,1D-CNN,1,Em. λmax (nm),12,51.8696,64.9788,-0.0022,0.5245,10.1016/j.dyepig.2018.04.070
per_pub,1D-CNN,1,ΦF (quantum yield),12,0.2001,0.2681,0.1978,0.7531,10.1016/j.dyepig.2018.04.070
per_pub,1D-CNN,1,log ε,12,0.1997,0.2605,-0.0065,-0.0681,10.1016/j.dyepig.2018.04.070
per_pub,1D-CNN,1,Abs. λmax (nm),43,66.1837,72.0777,-74.4817,0.295,10.1021/acs.joc.8b02933
per_pub,1D-CNN,1,Em. λmax (nm),43,81.8899,87.3415,-69.6536,0.1409,10.1021/acs.joc.8b02933
per_pub,1D-CNN,1,ΦF (quantum yield),43,0.3654,0.4186,-3.6071,0.2904,10.1021/acs.joc.8b02933
per_pub,1D-CNN,1,log ε,43,0.1512,0.1711,-1.5755,0.3312,10.1021/acs.joc.8b02933
per_pub,Transformer,1,Abs. λmax (nm),138,48.5834,57.4626,-1.3216,0.3878,10.1021/acs.joc.6b00414
per_pub,Transformer,1,Em. λmax (nm),138,43.7931,55.8978,-0.581,0.477,10.1021/acs.joc.6b00414
per_pub,Transformer,1,ΦF (quantum yield),138,0.417,0.4672,-0.4934,0.1292,10.1021/acs.joc.6b00414
per_pub,Transformer,1,log ε,138,0.1794,0.2215,-0.0631,0.1645,10.1021/acs.joc.6b00414
per_pub,Transformer,1,Abs. λmax (nm),22,20.5208,26.8392,0.5108,0.6614,10.1021/ol202379w
per_pub,Transformer,1,Em. λmax (nm),22,32.2098,39.6846,-0.0276,0.6743,10.1021/ol202379w
per_pub,Transformer,1,ΦF (quantum yield),20,0.3505,0.372,-2.8479,0.1876,10.1021/ol202379w
per_pub,Transformer,1,Abs. λmax (nm),100,42.3173,57.6008,-0.7917,0.3979,10.1016/j.dyepig.2018.01.043
per_pub,Transformer,1,Em. λmax (nm),100,55.0773,66.4521,-2.6507,0.264,10.1016/j.dyepig.2018.01.043
per_pub,Transformer,1,ΦF (quantum yield),70,0.3807,0.4803,-2.0436,-0.3743,10.1016/j.dyepig.2018.01.043
per_pub,Transformer,1,Abs. λmax (nm),96,45.3827,57.137,-0.2353,0.1003,10.1021/acs.joc.9b01425
per_pub,Transformer,1,Em. λmax (nm),96,41.8927,52.3505,-0.271,0.2413,10.1021/acs.joc.9b01425
per_pub,Transformer,1,ΦF (quantum yield),96,0.2564,0.3119,-0.3923,0.0179,10.1021/acs.joc.9b01425
per_pub,Transformer,1,log ε,96,0.1529,0.1902,-0.062,0.2597,10.1021/acs.joc.9b01425
per_pub,Transformer,1,Abs. λmax (nm),23,24.9073,31.7014,0.1346,0.3801,10.1021/acs.joc.9b00020
per_pub,Transformer,1,Em. λmax (nm),23,25.9058,30.8853,-1.3217,0.2607,10.1021/acs.joc.9b00020
per_pub,Transformer,1,ΦF (quantum yield),23,0.1793,0.2192,-0.1814,0.3559,10.1021/acs.joc.9b00020
per_pub,Transformer,1,log ε,23,0.2213,0.2526,-7.3055,-0.4297,10.1021/acs.joc.9b00020
per_pub,Transformer,1,Abs. λmax (nm),83,44.8637,53.1295,-4.9551,0.7564,10.1021/ol503379c
per_pub,Transformer,1,Em. λmax (nm),83,42.8469,52.9161,-6.4585,0.58,10.1021/ol503379c
per_pub,Transformer,1,ΦF (quantum yield),83,0.4614,0.5248,-4.0898,-0.2421,10.1021/ol503379c
per_pub,Transformer,1,log ε,81,0.1024,0.1258,-1.1254,0.3581,10.1021/ol503379c
per_pub,Transformer,1,Abs. λmax (nm),96,76.5273,87.3561,-68.3769,-0.1738,10.1039/c7cp08472b
per_pub,Transformer,1,Em. λmax (nm),96,92.1881,102.2006,-80.7133,-0.1284,10.1039/c7cp08472b
per_pub,Transformer,1,ΦF (quantum yield),90,0.3761,0.414,-0.2995,-0.0823,10.1039/c7cp08472b
per_pub,Transformer,1,Abs. λmax (nm),35,38.713,43.3122,-7.4681,0.3924,10.1021/acs.joc.8b01429
per_pub,Transformer,1,Em. λmax (nm),35,83.8589,91.4601,-11.3444,0.0673,10.1021/acs.joc.8b01429
per_pub,Transformer,1,ΦF (quantum yield),33,0.3198,0.3615,-0.4187,-0.0701,10.1021/acs.joc.8b01429
per_pub,Transformer,1,log ε,35,0.1796,0.2255,-0.7392,-0.1791,10.1021/acs.joc.8b01429
per_pub,Transformer,1,Abs. λmax (nm),90,17.556,22.4717,-0.0348,0.2185,10.1016/j.tet.2011.11.070
per_pub,Transformer,1,Em. λmax (nm),90,16.3536,21.2682,0.0787,0.4967,10.1016/j.tet.2011.11.070
per_pub,Transformer,1,ΦF (quantum yield),90,0.2332,0.2611,-0.2145,0.6295,10.1016/j.tet.2011.11.070
per_pub,Transformer,1,log ε,90,0.2586,0.3258,-0.8864,-0.1444,10.1016/j.tet.2011.11.070
per_pub,Transformer,1,Abs. λmax (nm),14,42.3765,48.0776,-0.7807,0.8273,10.1016/j.jphotobiol.2017.12.006
per_pub,Transformer,1,Em. λmax (nm),14,44.074,56.8038,-14.1978,0.9077,10.1016/j.jphotobiol.2017.12.006
per_pub,Transformer,1,ΦF (quantum yield),14,0.3501,0.3824,-2.4837,0.1641,10.1016/j.jphotobiol.2017.12.006
per_pub,Transformer,1,log ε,14,0.109,0.1384,-2.6152,0.3872,10.1016/j.jphotobiol.2017.12.006
per_pub,Transformer,1,Abs. λmax (nm),12,36.1519,49.4732,-9.4863,0.5849,10.1016/j.dyepig.2018.04.070
per_pub,Transformer,1,Em. λmax (nm),12,24.0852,31.7398,0.7609,0.7762,10.1016/j.dyepig.2018.04.070
per_pub,Transformer,1,ΦF (quantum yield),12,0.4033,0.4234,-0.9998,-0.599,10.1016/j.dyepig.2018.04.070
per_pub,Transformer,1,log ε,12,0.2661,0.3402,-0.7168,-0.6274,10.1016/j.dyepig.2018.04.070
per_pub,Transformer,1,Abs. λmax (nm),43,85.4194,93.0938,-124.9163,0.0255,10.1021/acs.joc.8b02933
per_pub,Transformer,1,Em. λmax (nm),43,84.6385,91.8111,-77.07,0.2722,10.1021/acs.joc.8b02933
per_pub,Transformer,1,ΦF (quantum yield),43,0.1755,0.2459,-0.5898,0.5853,10.1021/acs.joc.8b02933
per_pub,Transformer,1,log ε,43,0.1814,0.223,-3.3748,-0.2121,10.1021/acs.joc.8b02933
per_pub,GATv2,1,Abs. λmax (nm),138,60.9984,65.9721,-2.0601,0.6889,10.1021/acs.joc.6b00414
per_pub,GATv2,1,Em. λmax (nm),138,54.7789,57.8365,-0.6926,0.78,10.1021/acs.joc.6b00414
per_pub,GATv2,1,ΦF (quantum yield),138,0.4013,0.4309,-0.2704,-0.0131,10.1021/acs.joc.6b00414
per_pub,GATv2,1,log ε,138,0.202,0.2377,-0.2243,0.1252,10.1021/acs.joc.6b00414
per_pub,GATv2,1,Abs. λmax (nm),22,16.4538,21.2325,0.6939,0.9468,10.1021/ol202379w
per_pub,GATv2,1,Em. λmax (nm),22,15.2782,17.6226,0.7974,0.9293,10.1021/ol202379w
per_pub,GATv2,1,ΦF (quantum yield),20,0.4094,0.446,-4.5307,0.6014,10.1021/ol202379w
per_pub,GATv2,1,Abs. λmax (nm),100,43.7022,59.4617,-0.9093,0.4344,10.1016/j.dyepig.2018.01.043
per_pub,GATv2,1,Em. λmax (nm),100,35.8303,48.8816,-0.9754,0.6265,10.1016/j.dyepig.2018.01.043
per_pub,GATv2,1,ΦF (quantum yield),70,0.2483,0.2899,-0.1088,0.2223,10.1016/j.dyepig.2018.01.043
per_pub,GATv2,1,Abs. λmax (nm),96,43.7633,56.5491,-0.21,0.5677,10.1021/acs.joc.9b01425
per_pub,GATv2,1,Em. λmax (nm),96,37.9484,48.7781,-0.1034,0.577,10.1021/acs.joc.9b01425
per_pub,GATv2,1,ΦF (quantum yield),96,0.2064,0.2467,0.1288,0.4272,10.1021/acs.joc.9b01425
per_pub,GATv2,1,log ε,96,0.1587,0.203,-0.2101,0.1329,10.1021/acs.joc.9b01425
per_pub,GATv2,1,Abs. λmax (nm),23,76.6752,102.2866,-8.009,-0.5187,10.1021/acs.joc.9b00020
per_pub,GATv2,1,Em. λmax (nm),23,58.349,77.0381,-13.4449,0.3745,10.1021/acs.joc.9b00020
per_pub,GATv2,1,ΦF (quantum yield),23,0.2065,0.2263,-0.2589,0.2642,10.1021/acs.joc.9b00020
per_pub,GATv2,1,log ε,23,0.2233,0.2575,-7.6311,-0.4055,10.1021/acs.joc.9b00020
per_pub,GATv2,1,Abs. λmax (nm),83,55.5206,67.8656,-8.7167,0.6035,10.1021/ol503379c
per_pub,GATv2,1,Em. λmax (nm),83,56.9709,74.5788,-13.8152,0.4602,10.1021/ol503379c
per_pub,GATv2,1,ΦF (quantum yield),83,0.5111,0.5649,-4.8963,-0.5044,10.1021/ol503379c
per_pub,GATv2,1,log ε,81,0.1644,0.2114,-5.0039,0.1648,10.1021/ol503379c
per_pub,GATv2,1,Abs. λmax (nm),96,14.8083,17.2327,-1.6998,0.3639,10.1039/c7cp08472b
per_pub,GATv2,1,Em. λmax (nm),96,29.8566,32.2789,-7.1512,0.4222,10.1039/c7cp08472b
per_pub,GATv2,1,ΦF (quantum yield),90,0.3239,0.3439,0.1031,0.6929,10.1039/c7cp08472b
per_pub,GATv2,1,Abs. λmax (nm),35,45.9463,48.1564,-9.4682,0.335,10.1021/acs.joc.8b01429
per_pub,GATv2,1,Em. λmax (nm),35,94.9796,100.2529,-13.832,-0.15,10.1021/acs.joc.8b01429
per_pub,GATv2,1,ΦF (quantum yield),33,0.3091,0.3526,-0.35,0.3752,10.1021/acs.joc.8b01429
per_pub,GATv2,1,log ε,35,0.1439,0.1813,-0.1247,0.0754,10.1021/acs.joc.8b01429
per_pub,GATv2,1,Abs. λmax (nm),90,16.4444,19.6916,0.2054,0.5275,10.1016/j.tet.2011.11.070
per_pub,GATv2,1,Em. λmax (nm),90,15.104,18.049,0.3365,0.5909,10.1016/j.tet.2011.11.070
per_pub,GATv2,1,ΦF (quantum yield),90,0.4059,0.43,-2.2937,0.6497,10.1016/j.tet.2011.11.070
per_pub,GATv2,1,log ε,90,0.2997,0.3622,-1.3315,-0.1937,10.1016/j.tet.2011.11.070
per_pub,GATv2,1,Abs. λmax (nm),14,65.4756,86.6574,-4.7853,0.6293,10.1016/j.jphotobiol.2017.12.006
per_pub,GATv2,1,Em. λmax (nm),14,51.5243,70.2605,-22.2514,0.6,10.1016/j.jphotobiol.2017.12.006
per_pub,GATv2,1,ΦF (quantum yield),14,0.5607,0.5922,-7.3561,-0.5732,10.1016/j.jphotobiol.2017.12.006
per_pub,GATv2,1,log ε,14,0.1728,0.2256,-8.6063,0.2926,10.1016/j.jphotobiol.2017.12.006
per_pub,GATv2,1,Abs. λmax (nm),12,48.7424,60.7815,-14.8279,0.6095,10.1016/j.dyepig.2018.04.070
per_pub,GATv2,1,Em. λmax (nm),12,27.3064,38.664,0.6452,0.7552,10.1016/j.dyepig.2018.04.070
per_pub,GATv2,1,ΦF (quantum yield),12,0.2424,0.2607,0.2415,0.8616,10.1016/j.dyepig.2018.04.070
per_pub,GATv2,1,log ε,12,0.2554,0.3457,-0.7719,-0.5988,10.1016/j.dyepig.2018.04.070
per_pub,GATv2,1,Abs. λmax (nm),43,17.0522,24.3258,-7.5976,0.2754,10.1021/acs.joc.8b02933
per_pub,GATv2,1,Em. λmax (nm),43,29.7328,38.6544,-12.8386,0.1295,10.1021/acs.joc.8b02933
per_pub,GATv2,1,ΦF (quantum yield),43,0.3458,0.3931,-3.062,0.2771,10.1021/acs.joc.8b02933
per_pub,GATv2,1,log ε,43,0.4049,0.4202,-14.5378,0.2401,10.1021/acs.joc.8b02933
per_pub,MLP,2,Abs. λmax (nm),138,35.4795,40.9512,-0.1791,0.5884,10.1021/acs.joc.6b00414
per_pub,MLP,2,Em. λmax (nm),138,33.6002,39.7998,0.1985,0.6422,10.1021/acs.joc.6b00414
per_pub,MLP,2,ΦF (quantum yield),138,0.2932,0.3262,0.2717,0.5999,10.1021/acs.joc.6b00414
per_pub,MLP,2,log ε,138,0.1586,0.2115,0.0308,0.2054,10.1021/acs.joc.6b00414
per_pub,MLP,2,Abs. λmax (nm),22,28.5836,36.2272,0.1088,0.6768,10.1021/ol202379w
per_pub,MLP,2,Em. λmax (nm),22,51.8149,61.9584,-1.5047,0.6913,10.1021/ol202379w
per_pub,MLP,2,ΦF (quantum yield),20,0.3987,0.4365,-4.2971,0.3384,10.1021/ol202379w
per_pub,MLP,2,Abs. λmax (nm),100,26.1321,33.1585,0.4063,0.6012,10.1016/j.dyepig.2018.01.043
per_pub,MLP,2,Em. λmax (nm),100,23.6213,31.8145,0.1632,0.451,10.1016/j.dyepig.2018.01.043
per_pub,MLP,2,ΦF (quantum yield),70,0.2638,0.3379,-0.506,-0.0404,10.1016/j.dyepig.2018.01.043
per_pub,MLP,2,Abs. λmax (nm),96,27.1252,31.9738,0.6132,0.8473,10.1021/acs.joc.9b01425
per_pub,MLP,2,Em. λmax (nm),96,18.2094,23.0693,0.7532,0.9053,10.1021/acs.joc.9b01425
per_pub,MLP,2,ΦF (quantum yield),96,0.2256,0.2661,-0.0133,0.2745,10.1021/acs.joc.9b01425
per_pub,MLP,2,log ε,96,0.1632,0.1968,-0.1368,0.4976,10.1021/acs.joc.9b01425
per_pub,MLP,2,Abs. λmax (nm),23,39.2664,47.79,-0.9666,0.2054,10.1021/acs.joc.9b00020
per_pub,MLP,2,Em. λmax (nm),23,13.393,17.0053,0.2962,0.7267,10.1021/acs.joc.9b00020
per_pub,MLP,2,ΦF (quantum yield),23,0.168,0.2054,-0.0371,0.5244,10.1021/acs.joc.9b00020
per_pub,MLP,2,log ε,23,0.2553,0.2768,-8.9744,-0.1998,10.1021/acs.joc.9b00020
per_pub,MLP,2,Abs. λmax (nm),83,47.3979,58.924,-6.3249,0.5542,10.1021/ol503379c
per_pub,MLP,2,Em. λmax (nm),83,65.1833,74.4705,-13.7722,0.5287,10.1021/ol503379c
per_pub,MLP,2,ΦF (quantum yield),83,0.3552,0.3922,-1.8423,0.0269,10.1021/ol503379c
per_pub,MLP,2,log ε,81,0.1525,0.1732,-3.0316,0.3746,10.1021/ol503379c
per_pub,MLP,2,Abs. λmax (nm),96,28.3239,32.6017,-8.663,0.5124,10.1039/c7cp08472b
per_pub,MLP,2,Em. λmax (nm),96,41.3741,44.082,-14.2023,0.3665,10.1039/c7cp08472b
per_pub,MLP,2,ΦF (quantum yield),90,0.2871,0.3074,0.2838,0.7376,10.1039/c7cp08472b
per_pub,MLP,2,Abs. λmax (nm),35,21.3142,24.7716,-1.77,0.3301,10.1021/acs.joc.8b01429
per_pub,MLP,2,Em. λmax (nm),35,52.9386,62.3971,-4.7456,-0.0814,10.1021/acs.joc.8b01429
per_pub,MLP,2,ΦF (quantum yield),33,0.2465,0.2724,0.1945,0.6665,10.1021/acs.joc.8b01429
per_pub,MLP,2,log ε,35,0.1415,0.1782,-0.0863,0.303,10.1021/acs.joc.8b01429
per_pub,MLP,2,Abs. λmax (nm),90,17.3476,20.8146,0.1122,0.674,10.1016/j.tet.2011.11.070
per_pub,MLP,2,Em. λmax (nm),90,14.3149,17.6169,0.3679,0.7847,10.1016/j.tet.2011.11.070
per_pub,MLP,2,ΦF (quantum yield),90,0.4578,0.4907,-3.2878,0.6633,10.1016/j.tet.2011.11.070
per_pub,MLP,2,log ε,90,0.2813,0.3375,-1.0243,0.2479,10.1016/j.tet.2011.11.070
per_pub,MLP,2,Abs. λmax (nm),14,63.8056,75.7578,-3.4215,0.5061,10.1016/j.jphotobiol.2017.12.006
per_pub,MLP,2,Em. λmax (nm),14,53.2745,64.7428,-18.7429,0.7319,10.1016/j.jphotobiol.2017.12.006
per_pub,MLP,2,ΦF (quantum yield),14,0.3895,0.4176,-3.1554,0.1371,10.1016/j.jphotobiol.2017.12.006
per_pub,MLP,2,log ε,14,0.187,0.2035,-6.8141,0.5149,10.1016/j.jphotobiol.2017.12.006
per_pub,MLP,2,Abs. λmax (nm),12,20.9988,27.784,-2.3073,0.7811,10.1016/j.dyepig.2018.04.070
per_pub,MLP,2,Em. λmax (nm),12,37.9903,49.9393,0.408,0.5804,10.1016/j.dyepig.2018.04.070
per_pub,MLP,2,ΦF (quantum yield),12,0.2483,0.3032,-0.0258,0.3643,10.1016/j.dyepig.2018.04.070
per_pub,MLP,2,log ε,12,0.2715,0.3518,-0.8356,-0.2904,10.1016/j.dyepig.2018.04.070
per_pub,MLP,2,Abs. λmax (nm),43,47.6451,49.9679,-35.2762,0.3378,10.1021/acs.joc.8b02933
per_pub,MLP,2,Em. λmax (nm),43,59.4727,61.7723,-34.3412,0.3582,10.1021/acs.joc.8b02933
per_pub,MLP,2,ΦF (quantum yield),43,0.4023,0.4527,-4.3893,0.3507,10.1021/acs.joc.8b02933
per_pub,MLP,2,log ε,43,0.2883,0.3043,-7.15,0.4249,10.1021/acs.joc.8b02933
per_pub,1D-CNN,2,Abs. λmax (nm),138,40.8792,50.4218,-0.7875,0.2655,10.1021/acs.joc.6b00414
per_pub,1D-CNN,2,Em. λmax (nm),138,42.667,53.0638,-0.4248,0.3752,10.1021/acs.joc.6b00414
per_pub,1D-CNN,2,ΦF (quantum yield),138,0.396,0.4479,-0.3727,0.0438,10.1021/acs.joc.6b00414
per_pub,1D-CNN,2,log ε,138,0.1582,0.2034,0.1036,0.3563,10.1021/acs.joc.6b00414
per_pub,1D-CNN,2,Abs. λmax (nm),22,49.2184,56.703,-1.1834,0.7252,10.1021/ol202379w
per_pub,1D-CNN,2,Em. λmax (nm),22,68.1937,76.2213,-2.7907,0.7532,10.1021/ol202379w
per_pub,1D-CNN,2,ΦF (quantum yield),20,0.5121,0.5653,-7.8847,-0.0121,10.1021/ol202379w
per_pub,1D-CNN,2,Abs. λmax (nm),100,31.4556,40.7013,0.1054,0.392,10.1016/j.dyepig.2018.01.043
per_pub,1D-CNN,2,Em. λmax (nm),100,30.9761,38.775,-0.243,0.2601,10.1016/j.dyepig.2018.01.043
per_pub,1D-CNN,2,ΦF (quantum yield),70,0.2691,0.3378,-0.5052,-0.341,10.1016/j.dyepig.2018.01.043
per_pub,1D-CNN,2,Abs. λmax (nm),96,29.5761,35.484,0.5236,0.794,10.1021/acs.joc.9b01425
per_pub,1D-CNN,2,Em. λmax (nm),96,29.7621,36.3843,0.3861,0.8474,10.1021/acs.joc.9b01425
per_pub,1D-CNN,2,ΦF (quantum yield),96,0.2747,0.318,-0.4475,0.1226,10.1021/acs.joc.9b01425
per_pub,1D-CNN,2,log ε,96,0.0974,0.1175,0.595,0.7163,10.1021/acs.joc.9b01425
per_pub,1D-CNN,2,Abs. λmax (nm),23,30.375,35.9972,-0.1158,0.784,10.1021/acs.joc.9b00020
per_pub,1D-CNN,2,Em. λmax (nm),23,33.4279,38.0322,-2.5205,0.2711,10.1021/acs.joc.9b00020
per_pub,1D-CNN,2,ΦF (quantum yield),23,0.1813,0.2146,-0.1322,0.5725,10.1021/acs.joc.9b00020
per_pub,1D-CNN,2,log ε,23,0.2221,0.2562,-7.5444,-0.0035,10.1021/acs.joc.9b00020
per_pub,1D-CNN,2,Abs. λmax (nm),83,39.7396,43.4404,-2.9811,0.7237,10.1021/ol503379c
per_pub,1D-CNN,2,Em. λmax (nm),83,83.5715,86.8137,-19.0749,0.6637,10.1021/ol503379c
per_pub,1D-CNN,2,ΦF (quantum yield),83,0.5053,0.5436,-4.4608,0.2042,10.1021/ol503379c
per_pub,1D-CNN,2,log ε,81,0.1772,0.2079,-4.8105,-0.2871,10.1021/ol503379c
per_pub,1D-CNN,2,Abs. λmax (nm),96,46.0557,54.2006,-25.7077,0.3148,10.1039/c7cp08472b
per_pub,1D-CNN,2,Em. λmax (nm),96,61.2478,69.934,-37.2615,0.2632,10.1039/c7cp08472b
per_pub,1D-CNN,2,ΦF (quantum yield),90,0.356,0.3907,-0.1574,0.4157,10.1039/c7cp08472b
per_pub,1D-CNN,2,Abs. λmax (nm),35,47.881,53.0977,-11.7267,0.1274,10.1021/acs.joc.8b01429
per_pub,1D-CNN,2,Em. λmax (nm),35,79.3948,89.7166,-10.8782,0.1102,10.1021/acs.joc.8b01429
per_pub,1D-CNN,2,ΦF (quantum yield),33,0.2434,0.2798,0.1499,0.4374,10.1021/acs.joc.8b01429
per_pub,1D-CNN,2,log ε,35,0.1625,0.211,-0.5228,0.2936,10.1021/acs.joc.8b01429
per_pub,1D-CNN,2,Abs. λmax (nm),90,13.3417,15.531,0.5057,0.8838,10.1016/j.tet.2011.11.070
per_pub,1D-CNN,2,Em. λmax (nm),90,11.6082,13.6877,0.6184,0.7361,10.1016/j.tet.2011.11.070
per_pub,1D-CNN,2,ΦF (quantum yield),90,0.317,0.3526,-1.2145,0.502,10.1016/j.tet.2011.11.070
per_pub,1D-CNN,2,log ε,90,0.3006,0.3665,-1.3873,-0.2169,10.1016/j.tet.2011.11.070
per_pub,1D-CNN,2,Abs. λmax (nm),14,58.0872,65.0387,-2.2588,0.6403,10.1016/j.jphotobiol.2017.12.006
per_pub,1D-CNN,2,Em. λmax (nm),14,65.5865,69.9239,-22.0292,0.7846,10.1016/j.jphotobiol.2017.12.006
per_pub,1D-CNN,2,ΦF (quantum yield),14,0.5402,0.5622,-6.5312,0.5013,10.1016/j.jphotobiol.2017.12.006
per_pub,1D-CNN,2,log ε,14,0.1655,0.1974,-6.3496,-0.4444,10.1016/j.jphotobiol.2017.12.006
per_pub,1D-CNN,2,Abs. λmax (nm),12,20.4681,32.3675,-3.4885,0.5919,10.1016/j.dyepig.2018.04.070
per_pub,1D-CNN,2,Em. λmax (nm),12,44.8577,61.5713,0.1001,0.6713,10.1016/j.dyepig.2018.04.070
per_pub,1D-CNN,2,ΦF (quantum yield),12,0.222,0.2563,0.2669,0.7461,10.1016/j.dyepig.2018.04.070
per_pub,1D-CNN,2,log ε,12,0.1975,0.2808,-0.1696,0.0394,10.1016/j.dyepig.2018.04.070
per_pub,1D-CNN,2,Abs. λmax (nm),43,90.3267,92.535,-123.409,-0.1139,10.1021/acs.joc.8b02933
per_pub,1D-CNN,2,Em. λmax (nm),43,97.983,100.7066,-92.9311,0.1867,10.1021/acs.joc.8b02933
per_pub,1D-CNN,2,ΦF (quantum yield),43,0.3502,0.4041,-3.2936,0.4853,10.1021/acs.joc.8b02933
per_pub,1D-CNN,2,log ε,43,0.1274,0.1446,-0.8408,0.1695,10.1021/acs.joc.8b02933
per_pub,Transformer,2,Abs. λmax (nm),138,33.6152,38.5447,-0.0446,0.4379,10.1021/acs.joc.6b00414
per_pub,Transformer,2,Em. λmax (nm),138,26.9815,33.0537,0.4472,0.6632,10.1021/acs.joc.6b00414
per_pub,Transformer,2,ΦF (quantum yield),138,0.3373,0.3706,0.06,0.4544,10.1021/acs.joc.6b00414
per_pub,Transformer,2,log ε,138,0.1715,0.2202,-0.0508,0.043,10.1021/acs.joc.6b00414
per_pub,Transformer,2,Abs. λmax (nm),22,38.8146,45.5468,-0.4087,0.7132,10.1021/ol202379w
per_pub,Transformer,2,Em. λmax (nm),22,53.0668,59.8436,-1.3367,0.7032,10.1021/ol202379w
per_pub,Transformer,2,ΦF (quantum yield),20,0.2927,0.328,-1.9911,0.517,10.1021/ol202379w
per_pub,Transformer,2,Abs. λmax (nm),100,39.0067,46.6557,-0.1755,0.4181,10.1016/j.dyepig.2018.01.043
per_pub,Transformer,2,Em. λmax (nm),100,39.6884,47.9364,-0.8997,0.4387,10.1016/j.dyepig.2018.01.043
per_pub,Transformer,2,ΦF (quantum yield),70,0.3049,0.3762,-0.8675,-0.3726,10.1016/j.dyepig.2018.01.043
per_pub,Transformer,2,Abs. λmax (nm),96,40.4964,50.3262,0.0417,0.3028,10.1021/acs.joc.9b01425
per_pub,Transformer,2,Em. λmax (nm),96,36.8333,46.0598,0.0161,0.3283,10.1021/acs.joc.9b01425
per_pub,Transformer,2,ΦF (quantum yield),96,0.1847,0.2331,0.2227,0.5275,10.1021/acs.joc.9b01425
per_pub,Transformer,2,log ε,96,0.1474,0.1754,0.097,0.3997,10.1021/acs.joc.9b01425
per_pub,Transformer,2,Abs. λmax (nm),23,32.307,37.7284,-0.2257,0.0846,10.1021/acs.joc.9b00020
per_pub,Transformer,2,Em. λmax (nm),23,27.7852,31.5159,-1.4175,0.4195,10.1021/acs.joc.9b00020
per_pub,Transformer,2,ΦF (quantum yield),23,0.1896,0.2131,-0.116,0.3985,10.1021/acs.joc.9b00020
per_pub,Transformer,2,log ε,23,0.1995,0.2185,-5.2156,0.0565,10.1021/acs.joc.9b00020
per_pub,Transformer,2,Abs. λmax (nm),83,45.8735,51.7746,-4.6553,0.7573,10.1021/ol503379c
per_pub,Transformer,2,Em. λmax (nm),83,22.7289,30.0399,-1.4037,0.7137,10.1021/ol503379c
per_pub,Transformer,2,ΦF (quantum yield),83,0.3731,0.4431,-2.6288,-0.4446,10.1021/ol503379c
per_pub,Transformer,2,log ε,81,0.084,0.1005,-0.3567,0.5853,10.1021/ol503379c
per_pub,Transformer,2,Abs. λmax (nm),96,102.4571,105.5126,-100.2131,0.1039,10.1039/c7cp08472b
per_pub,Transformer,2,Em. λmax (nm),96,112.6918,117.3682,-106.7673,-0.0115,10.1039/c7cp08472b
per_pub,Transformer,2,ΦF (quantum yield),90,0.399,0.4524,-0.5518,0.1289,10.1039/c7cp08472b
per_pub,Transformer,2,Abs. λmax (nm),35,25.6876,31.0968,-3.3651,0.0308,10.1021/acs.joc.8b01429
per_pub,Transformer,2,Em. λmax (nm),35,63.1323,71.7542,-6.598,-0.0807,10.1021/acs.joc.8b01429
per_pub,Transformer,2,ΦF (quantum yield),33,0.3104,0.3516,-0.3417,0.2836,10.1021/acs.joc.8b01429
per_pub,Transformer,2,log ε,35,0.1731,0.2047,-0.4337,-0.3653,10.1021/acs.joc.8b01429
per_pub,Transformer,2,Abs. λmax (nm),90,13.0853,17.951,0.3396,0.5538,10.1016/j.tet.2011.11.070
per_pub,Transformer,2,Em. λmax (nm),90,17.9597,21.8395,0.0285,0.6162,10.1016/j.tet.2011.11.070
per_pub,Transformer,2,ΦF (quantum yield),90,0.3545,0.3755,-1.5107,0.6588,10.1016/j.tet.2011.11.070
per_pub,Transformer,2,log ε,90,0.2351,0.3037,-0.6395,-0.1718,10.1016/j.tet.2011.11.070
per_pub,Transformer,2,Abs. λmax (nm),14,25.3638,32.6073,0.1809,0.8669,10.1016/j.jphotobiol.2017.12.006
per_pub,Transformer,2,Em. λmax (nm),14,25.2363,29.6493,-3.1405,0.7582,10.1016/j.jphotobiol.2017.12.006
per_pub,Transformer,2,ΦF (quantum yield),14,0.3284,0.3741,-2.3346,-0.6901,10.1016/j.jphotobiol.2017.12.006
per_pub,Transformer,2,log ε,14,0.0814,0.0967,-0.7641,0.6601,10.1016/j.jphotobiol.2017.12.006
per_pub,Transformer,2,Abs. λmax (nm),12,69.3151,82.7638,-28.3469,0.5044,10.1016/j.dyepig.2018.04.070
per_pub,Transformer,2,Em. λmax (nm),12,51.2519,61.122,0.1132,0.7063,10.1016/j.dyepig.2018.04.070
per_pub,Transformer,2,ΦF (quantum yield),12,0.2763,0.3088,-0.0643,0.8476,10.1016/j.dyepig.2018.04.070
per_pub,Transformer,2,log ε,12,0.2642,0.3602,-0.9242,-0.3872,10.1016/j.dyepig.2018.04.070
per_pub,Transformer,2,Abs. λmax (nm),43,94.0202,95.8745,-132.5508,0.2168,10.1021/acs.joc.8b02933
per_pub,Transformer,2,Em. λmax (nm),43,94.5233,98.2722,-88.4449,0.1188,10.1021/acs.joc.8b02933
per_pub,Transformer,2,ΦF (quantum yield),43,0.2244,0.2884,-1.1863,0.145,10.1021/acs.joc.8b02933
per_pub,Transformer,2,log ε,43,0.1373,0.1685,-1.499,0.3845,10.1021/acs.joc.8b02933
per_pub,GATv2,2,Abs. λmax (nm),138,34.8602,40.989,-0.1813,0.5297,10.1021/acs.joc.6b00414
per_pub,GATv2,2,Em. λmax (nm),138,24.6681,29.9541,0.546,0.5954,10.1021/acs.joc.6b00414
per_pub,GATv2,2,ΦF (quantum yield),138,0.3735,0.3963,-0.0748,0.2452,10.1021/acs.joc.6b00414
per_pub,GATv2,2,log ε,138,0.2047,0.2715,-0.5981,0.0655,10.1021/acs.joc.6b00414
per_pub,GATv2,2,Abs. λmax (nm),22,13.2626,15.0156,0.8469,0.9491,10.1021/ol202379w
per_pub,GATv2,2,Em. λmax (nm),22,36.919,39.1996,-0.0026,0.9759,10.1021/ol202379w
per_pub,GATv2,2,ΦF (quantum yield),20,0.3951,0.4195,-3.8943,0.5448,10.1021/ol202379w
per_pub,GATv2,2,Abs. λmax (nm),100,28.2785,45.2215,-0.1043,0.5697,10.1016/j.dyepig.2018.01.043
per_pub,GATv2,2,Em. λmax (nm),100,26.3393,35.6085,-0.0482,0.6258,10.1016/j.dyepig.2018.01.043
per_pub,GATv2,2,ΦF (quantum yield),70,0.2993,0.352,-0.635,-0.1918,10.1016/j.dyepig.2018.01.043
per_pub,GATv2,2,Abs. λmax (nm),96,29.2469,32.8779,0.591,0.8461,10.1021/acs.joc.9b01425
per_pub,GATv2,2,Em. λmax (nm),96,26.9383,31.135,0.5504,0.8804,10.1021/acs.joc.9b01425
per_pub,GATv2,2,ΦF (quantum yield),96,0.1879,0.2202,0.3062,0.5527,10.1021/acs.joc.9b01425
per_pub,GATv2,2,log ε,96,0.1325,0.1672,0.1793,0.7205,10.1021/acs.joc.9b01425
per_pub,GATv2,2,Abs. λmax (nm),23,60.8839,86.8017,-5.4878,-0.5301,10.1021/acs.joc.9b00020
per_pub,GATv2,2,Em. λmax (nm),23,45.1095,61.8037,-8.2968,0.3562,10.1021/acs.joc.9b00020
per_pub,GATv2,2,ΦF (quantum yield),23,0.2072,0.2254,-0.2488,0.3033,10.1021/acs.joc.9b00020
per_pub,GATv2,2,log ε,23,0.3166,0.3341,-13.5252,-0.2389,10.1021/acs.joc.9b00020
per_pub,GATv2,2,Abs. λmax (nm),83,76.2391,91.8974,-16.8166,0.6624,10.1021/ol503379c
per_pub,GATv2,2,Em. λmax (nm),83,112.8697,119.7602,-37.2034,0.5615,10.1021/ol503379c
per_pub,GATv2,2,ΦF (quantum yield),83,0.3431,0.4325,-2.4575,-0.345,10.1021/ol503379c
per_pub,GATv2,2,log ε,81,0.2554,0.2956,-10.741,0.376,10.1021/ol503379c
per_pub,GATv2,2,Abs. λmax (nm),96,64.0868,68.8374,-42.0802,-0.2628,10.1039/c7cp08472b
per_pub,GATv2,2,Em. λmax (nm),96,86.3439,89.8124,-62.1042,-0.1878,10.1039/c7cp08472b
per_pub,GATv2,2,ΦF (quantum yield),90,0.4353,0.4715,-0.6857,-0.3123,10.1039/c7cp08472b
per_pub,GATv2,2,Abs. λmax (nm),35,58.4156,60.358,-15.445,0.4373,10.1021/acs.joc.8b01429
per_pub,GATv2,2,Em. λmax (nm),35,110.0492,115.0062,-18.5186,-0.2042,10.1021/acs.joc.8b01429
per_pub,GATv2,2,ΦF (quantum yield),33,0.3056,0.3655,-0.4506,0.3841,10.1021/acs.joc.8b01429
per_pub,GATv2,2,log ε,35,0.1576,0.1938,-0.2846,0.6348,10.1021/acs.joc.8b01429
per_pub,GATv2,2,Abs. λmax (nm),90,12.4133,15.2765,0.5218,0.6676,10.1016/j.tet.2011.11.070
per_pub,GATv2,2,Em. λmax (nm),90,13.0982,15.9661,0.4808,0.7402,10.1016/j.tet.2011.11.070
per_pub,GATv2,2,ΦF (quantum yield),90,0.4669,0.5052,-3.5458,0.5873,10.1016/j.tet.2011.11.070
per_pub,GATv2,2,log ε,90,0.3231,0.3946,-1.7676,-0.0924,10.1016/j.tet.2011.11.070
per_pub,GATv2,2,Abs. λmax (nm),14,88.2962,104.4088,-7.3983,0.7217,10.1016/j.jphotobiol.2017.12.006
per_pub,GATv2,2,Em. λmax (nm),14,91.0379,99.1371,-45.2913,0.5209,10.1016/j.jphotobiol.2017.12.006
per_pub,GATv2,2,ΦF (quantum yield),14,0.3584,0.4438,-3.6926,-0.5372,10.1016/j.jphotobiol.2017.12.006
per_pub,GATv2,2,log ε,14,0.2539,0.3006,-16.0514,0.5413,10.1016/j.jphotobiol.2017.12.006
per_pub,GATv2,2,Abs. λmax (nm),12,10.8848,16.2018,-0.1246,0.8441,10.1016/j.dyepig.2018.04.070
per_pub,GATv2,2,Em. λmax (nm),12,36.4516,53.5848,0.3184,0.5105,10.1016/j.dyepig.2018.04.070
per_pub,GATv2,2,ΦF (quantum yield),12,0.2333,0.2701,0.186,0.6095,10.1016/j.dyepig.2018.04.070
per_pub,GATv2,2,log ε,12,0.2306,0.3037,-0.3682,-0.2366,10.1016/j.dyepig.2018.04.070
per_pub,GATv2,2,Abs. λmax (nm),43,47.0013,48.4383,-33.0893,0.8152,10.1021/acs.joc.8b02933
per_pub,GATv2,2,Em. λmax (nm),43,78.4697,79.2871,-57.2236,0.7054,10.1021/acs.joc.8b02933
per_pub,GATv2,2,ΦF (quantum yield),43,0.2488,0.2727,-0.9555,0.1764,10.1021/acs.joc.8b02933
per_pub,GATv2,2,log ε,43,0.2113,0.2386,-4.0109,-0.0535,10.1021/acs.joc.8b02933
per_pub,MLP,3,Abs. λmax (nm),138,31.8776,35.91,0.0933,0.6287,10.1021/acs.joc.6b00414
per_pub,MLP,3,Em. λmax (nm),138,27.0002,32.2403,0.474,0.7249,10.1021/acs.joc.6b00414
per_pub,MLP,3,ΦF (quantum yield),138,0.2668,0.3031,0.3715,0.6814,10.1021/acs.joc.6b00414
per_pub,MLP,3,log ε,138,0.1727,0.2402,-0.2502,0.1718,10.1021/acs.joc.6b00414
per_pub,MLP,3,Abs. λmax (nm),22,35.3312,43.1542,-0.2646,0.7275,10.1021/ol202379w
per_pub,MLP,3,Em. λmax (nm),22,36.6333,45.1019,-0.3273,0.7498,10.1021/ol202379w
per_pub,MLP,3,ΦF (quantum yield),20,0.3692,0.4013,-3.4778,0.4808,10.1021/ol202379w
per_pub,MLP,3,Abs. λmax (nm),100,31.4084,39.9068,0.14,0.3884,10.1016/j.dyepig.2018.01.043
per_pub,MLP,3,Em. λmax (nm),100,24.0441,31.5628,0.1764,0.4319,10.1016/j.dyepig.2018.01.043
per_pub,MLP,3,ΦF (quantum yield),70,0.3338,0.3919,-1.0266,-0.3176,10.1016/j.dyepig.2018.01.043
per_pub,MLP,3,Abs. λmax (nm),96,17.8352,24.0752,0.7807,0.8479,10.1021/acs.joc.9b01425
per_pub,MLP,3,Em. λmax (nm),96,14.6603,19.3358,0.8266,0.881,10.1021/acs.joc.9b01425
per_pub,MLP,3,ΦF (quantum yield),96,0.2082,0.249,0.1125,0.3572,10.1021/acs.joc.9b01425
per_pub,MLP,3,log ε,96,0.1718,0.2217,-0.4431,0.3711,10.1021/acs.joc.9b01425
per_pub,MLP,3,Abs. λmax (nm),23,36.8401,50.4639,-1.1928,0.1831,10.1021/acs.joc.9b00020
per_pub,MLP,3,Em. λmax (nm),23,16.0541,20.6695,-0.0398,0.7514,10.1021/acs.joc.9b00020
per_pub,MLP,3,ΦF (quantum yield),23,0.1866,0.2171,-0.1588,0.4188,10.1021/acs.joc.9b00020
per_pub,MLP,3,log ε,23,0.2015,0.2284,-5.7883,-0.1393,10.1021/acs.joc.9b00020
per_pub,MLP,3,Abs. λmax (nm),83,63.5077,75.0759,-10.891,0.4883,10.1021/ol503379c
per_pub,MLP,3,Em. λmax (nm),83,91.4206,98.8057,-25.0041,0.5062,10.1021/ol503379c
per_pub,MLP,3,ΦF (quantum yield),83,0.4056,0.4375,-2.5368,0.0095,10.1021/ol503379c
per_pub,MLP,3,log ε,81,0.1682,0.1876,-3.7318,0.2812,10.1021/ol503379c
per_pub,MLP,3,Abs. λmax (nm),96,22.1232,25.475,-4.9,0.5278,10.1039/c7cp08472b
per_pub,MLP,3,Em. λmax (nm),96,36.919,39.0468,-10.9277,0.2808,10.1039/c7cp08472b
per_pub,MLP,3,ΦF (quantum yield),90,0.3029,0.3483,0.0801,0.5098,10.1039/c7cp08472b
per_pub,MLP,3,Abs. λmax (nm),35,25.8836,28.8806,-2.7651,0.279,10.1021/acs.joc.8b01429
per_pub,MLP,3,Em. λmax (nm),35,55.8048,65.0743,-5.2492,-0.0278,10.1021/acs.joc.8b01429
per_pub,MLP,3,ΦF (quantum yield),33,0.2338,0.2687,0.2161,0.6583,10.1021/acs.joc.8b01429
per_pub,MLP,3,log ε,35,0.1426,0.1679,0.036,0.2821,10.1021/acs.joc.8b01429
per_pub,MLP,3,Abs. λmax (nm),90,20.7641,24.3062,-0.2107,0.5973,10.1016/j.tet.2011.11.070
per_pub,MLP,3,Em. λmax (nm),90,15.5065,20.0029,0.185,0.7429,10.1016/j.tet.2011.11.070
per_pub,MLP,3,ΦF (quantum yield),90,0.4618,0.4904,-3.2824,0.7164,10.1016/j.tet.2011.11.070
per_pub,MLP,3,log ε,90,0.2619,0.318,-0.7976,0.1344,10.1016/j.tet.2011.11.070
per_pub,MLP,3,Abs. λmax (nm),14,83.7424,96.0652,-6.1097,0.396,10.1016/j.jphotobiol.2017.12.006
per_pub,MLP,3,Em. λmax (nm),14,77.2311,86.1105,-33.9252,0.622,10.1016/j.jphotobiol.2017.12.006
per_pub,MLP,3,ΦF (quantum yield),14,0.4329,0.4492,-3.8085,0.3124,10.1016/j.jphotobiol.2017.12.006
per_pub,MLP,3,log ε,14,0.1941,0.2108,-7.3819,0.3894,10.1016/j.jphotobiol.2017.12.006
per_pub,MLP,3,Abs. λmax (nm),12,24.1644,32.5187,-3.5305,0.7215,10.1016/j.dyepig.2018.04.070
per_pub,MLP,3,Em. λmax (nm),12,29.8459,45.9506,0.4988,0.6364,10.1016/j.dyepig.2018.04.070
per_pub,MLP,3,ΦF (quantum yield),12,0.2011,0.2791,0.1309,0.655,10.1016/j.dyepig.2018.04.070
per_pub,MLP,3,log ε,12,0.2644,0.3485,-0.8011,-0.3155,10.1016/j.dyepig.2018.04.070
per_pub,MLP,3,Abs. λmax (nm),43,45.4878,48.0919,-32.6034,0.6294,10.1021/acs.joc.8b02933
per_pub,MLP,3,Em. λmax (nm),43,53.517,56.1966,-28.2492,0.4287,10.1021/acs.joc.8b02933
per_pub,MLP,3,ΦF (quantum yield),43,0.3546,0.4018,-3.2454,0.2741,10.1021/acs.joc.8b02933
per_pub,MLP,3,log ε,43,0.255,0.2779,-5.7977,0.262,10.1021/acs.joc.8b02933
per_pub,1D-CNN,3,Abs. λmax (nm),138,27.8262,33.2033,0.2249,0.435,10.1021/acs.joc.6b00414
per_pub,1D-CNN,3,Em. λmax (nm),138,27.7738,32.5871,0.4627,0.5686,10.1021/acs.joc.6b00414
per_pub,1D-CNN,3,ΦF (quantum yield),138,0.3633,0.3997,-0.093,0.284,10.1021/acs.joc.6b00414
per_pub,1D-CNN,3,log ε,138,0.1527,0.2029,0.1075,0.4128,10.1021/acs.joc.6b00414
per_pub,1D-CNN,3,Abs. λmax (nm),22,30.752,38.6043,-0.012,0.6477,10.1021/ol202379w
per_pub,1D-CNN,3,Em. λmax (nm),22,46.5576,54.6787,-0.9507,0.6169,10.1021/ol202379w
per_pub,1D-CNN,3,ΦF (quantum yield),20,0.5147,0.5692,-8.0106,-0.0739,10.1021/ol202379w
per_pub,1D-CNN,3,Abs. λmax (nm),100,31.1655,39.943,0.1384,0.313,10.1016/j.dyepig.2018.01.043
per_pub,1D-CNN,3,Em. λmax (nm),100,26.6825,35.0834,-0.0176,0.356,10.1016/j.dyepig.2018.01.043
per_pub,1D-CNN,3,ΦF (quantum yield),70,0.2539,0.3365,-0.4941,-0.2358,10.1016/j.dyepig.2018.01.043
per_pub,1D-CNN,3,Abs. λmax (nm),96,33.2392,39.0324,0.4235,0.713,10.1021/acs.joc.9b01425
per_pub,1D-CNN,3,Em. λmax (nm),96,33.5897,39.5396,0.275,0.7807,10.1021/acs.joc.9b01425
per_pub,1D-CNN,3,ΦF (quantum yield),96,0.2575,0.3015,-0.3006,0.1439,10.1021/acs.joc.9b01425
per_pub,1D-CNN,3,log ε,96,0.1039,0.1301,0.5031,0.747,10.1021/acs.joc.9b01425
per_pub,1D-CNN,3,Abs. λmax (nm),23,20.2728,24.6707,0.4759,0.777,10.1021/acs.joc.9b00020
per_pub,1D-CNN,3,Em. λmax (nm),23,23.7222,28.11,-0.9232,0.2211,10.1021/acs.joc.9b00020
per_pub,1D-CNN,3,ΦF (quantum yield),23,0.213,0.2379,-0.3919,0.5269,10.1021/acs.joc.9b00020
per_pub,1D-CNN,3,log ε,23,0.1959,0.2181,-5.1928,0.2042,10.1021/acs.joc.9b00020
per_pub,1D-CNN,3,Abs. λmax (nm),83,33.7114,42.7443,-2.8546,0.6884,10.1021/ol503379c
per_pub,1D-CNN,3,Em. λmax (nm),83,73.7288,78.7515,-15.5194,0.6018,10.1021/ol503379c
per_pub,1D-CNN,3,ΦF (quantum yield),83,0.4728,0.5161,-3.9232,-0.0695,10.1021/ol503379c
per_pub,1D-CNN,3,log ε,81,0.1337,0.1508,-2.0565,0.6027,10.1021/ol503379c
per_pub,1D-CNN,3,Abs. λmax (nm),96,46.5524,53.7562,-25.2715,0.1975,10.1039/c7cp08472b
per_pub,1D-CNN,3,Em. λmax (nm),96,58.9644,66.0013,-33.0793,0.1632,10.1039/c7cp08472b
per_pub,1D-CNN,3,ΦF (quantum yield),90,0.3388,0.3655,-0.0128,0.4415,10.1039/c7cp08472b
per_pub,1D-CNN,3,Abs. λmax (nm),35,38.8672,43.66,-7.6046,0.1215,10.1021/acs.joc.8b01429
per_pub,1D-CNN,3,Em. λmax (nm),35,78.4814,86.5788,-10.0619,0.0015,10.1021/acs.joc.8b01429
per_pub,1D-CNN,3,ΦF (quantum yield),33,0.2459,0.2837,0.1266,0.3403,10.1021/acs.joc.8b01429
per_pub,1D-CNN,3,log ε,35,0.164,0.2078,-0.477,0.0917,10.1021/acs.joc.8b01429
per_pub,1D-CNN,3,Abs. λmax (nm),90,17.1087,24.1278,-0.193,0.1135,10.1016/j.tet.2011.11.070
per_pub,1D-CNN,3,Em. λmax (nm),90,14.6854,18.6113,0.2945,0.4842,10.1016/j.tet.2011.11.070
per_pub,1D-CNN,3,ΦF (quantum yield),90,0.3456,0.3813,-1.5889,0.5206,10.1016/j.tet.2011.11.070
per_pub,1D-CNN,3,log ε,90,0.2816,0.3493,-1.1687,-0.3546,10.1016/j.tet.2011.11.070
per_pub,1D-CNN,3,Abs. λmax (nm),14,41.6663,53.5027,-1.2053,0.5963,10.1016/j.jphotobiol.2017.12.006
per_pub,1D-CNN,3,Em. λmax (nm),14,50.8637,57.2242,-14.4236,0.8242,10.1016/j.jphotobiol.2017.12.006
per_pub,1D-CNN,3,ΦF (quantum yield),14,0.5108,0.5338,-5.7909,0.1641,10.1016/j.jphotobiol.2017.12.006
per_pub,1D-CNN,3,log ε,14,0.1114,0.1264,-2.0158,0.6381,10.1016/j.jphotobiol.2017.12.006
per_pub,1D-CNN,3,Abs. λmax (nm),12,24.4482,32.8721,-3.6295,0.3888,10.1016/j.dyepig.2018.04.070
per_pub,1D-CNN,3,Em. λmax (nm),12,47.7306,62.8901,0.0612,0.6294,10.1016/j.dyepig.2018.04.070
per_pub,1D-CNN,3,ΦF (quantum yield),12,0.2073,0.2543,0.2785,0.8371,10.1016/j.dyepig.2018.04.070
per_pub,1D-CNN,3,log ε,12,0.1974,0.2562,0.0266,0.0789,10.1016/j.dyepig.2018.04.070
per_pub,1D-CNN,3,Abs. λmax (nm),43,75.8874,78.455,-88.4296,0.2667,10.1021/acs.joc.8b02933
per_pub,1D-CNN,3,Em. λmax (nm),43,89.8288,91.7163,-76.9089,0.336,10.1021/acs.joc.8b02933
per_pub,1D-CNN,3,ΦF (quantum yield),43,0.4049,0.4477,-4.2704,0.389,10.1021/acs.joc.8b02933
per_pub,1D-CNN,3,log ε,43,0.1537,0.1762,-1.7317,0.1921,10.1021/acs.joc.8b02933
per_pub,Transformer,3,Abs. λmax (nm),138,37.7762,43.7703,-0.347,0.5467,10.1021/acs.joc.6b00414
per_pub,Transformer,3,Em. λmax (nm),138,31.8527,39.8981,0.1945,0.6724,10.1021/acs.joc.6b00414
per_pub,Transformer,3,ΦF (quantum yield),138,0.3679,0.4141,-0.1736,0.4907,10.1021/acs.joc.6b00414
per_pub,Transformer,3,log ε,138,0.1633,0.2126,0.0204,0.1935,10.1021/acs.joc.6b00414
per_pub,Transformer,3,Abs. λmax (nm),22,19.0513,23.8409,0.614,0.609,10.1021/ol202379w
per_pub,Transformer,3,Em. λmax (nm),22,21.5441,27.4105,0.5098,0.6339,10.1021/ol202379w
per_pub,Transformer,3,ΦF (quantum yield),20,0.5093,0.5368,-7.0126,0.6127,10.1021/ol202379w
per_pub,Transformer,3,Abs. λmax (nm),100,49.1899,62.762,-1.1271,0.3953,10.1016/j.dyepig.2018.01.043
per_pub,Transformer,3,Em. λmax (nm),100,53.1382,61.9621,-2.174,0.2561,10.1016/j.dyepig.2018.01.043
per_pub,Transformer,3,ΦF (quantum yield),70,0.3342,0.4319,-1.4614,-0.4673,10.1016/j.dyepig.2018.01.043
per_pub,Transformer,3,Abs. λmax (nm),96,55.8334,71.1112,-0.9134,-0.1847,10.1021/acs.joc.9b01425
per_pub,Transformer,3,Em. λmax (nm),96,53.7345,66.7409,-1.0658,-0.0289,10.1021/acs.joc.9b01425
per_pub,Transformer,3,ΦF (quantum yield),96,0.2281,0.2732,-0.0683,0.1283,10.1021/acs.joc.9b01425
per_pub,Transformer,3,log ε,96,0.2013,0.2548,-0.9062,-0.4355,10.1021/acs.joc.9b01425
per_pub,Transformer,3,Abs. λmax (nm),23,20.8743,24.6186,0.4781,0.7518,10.1021/acs.joc.9b00020
per_pub,Transformer,3,Em. λmax (nm),23,32.6421,37.3019,-2.3866,0.5041,10.1021/acs.joc.9b00020
per_pub,Transformer,3,ΦF (quantum yield),23,0.1877,0.2681,-0.7664,0.2131,10.1021/acs.joc.9b00020
per_pub,Transformer,3,log ε,23,0.1712,0.198,-4.1022,0.0625,10.1021/acs.joc.9b00020
per_pub,Transformer,3,Abs. λmax (nm),83,89.0081,93.8194,-17.5697,0.6502,10.1021/ol503379c
per_pub,Transformer,3,Em. λmax (nm),83,29.0186,34.566,-2.1826,0.4428,10.1021/ol503379c
per_pub,Transformer,3,ΦF (quantum yield),83,0.5503,0.602,-5.6962,-0.4133,10.1021/ol503379c
per_pub,Transformer,3,log ε,81,0.2154,0.2385,-6.6419,0.4105,10.1021/ol503379c
per_pub,Transformer,3,Abs. λmax (nm),96,59.532,70.6236,-44.3449,-0.1594,10.1039/c7cp08472b
per_pub,Transformer,3,Em. λmax (nm),96,75.468,87.6809,-59.1445,-0.1062,10.1039/c7cp08472b
per_pub,Transformer,3,ΦF (quantum yield),90,0.3139,0.3455,0.0947,0.3078,10.1039/c7cp08472b
per_pub,Transformer,3,Abs. λmax (nm),35,54.8896,58.292,-14.3385,0.1511,10.1021/acs.joc.8b01429
per_pub,Transformer,3,Em. λmax (nm),35,106.0412,110.7228,-17.0917,0.0195,10.1021/acs.joc.8b01429
per_pub,Transformer,3,ΦF (quantum yield),33,0.2276,0.2664,0.2293,0.5829,10.1021/acs.joc.8b01429
per_pub,Transformer,3,log ε,35,0.1333,0.163,0.0915,0.4371,10.1021/acs.joc.8b01429
per_pub,Transformer,3,Abs. λmax (nm),90,26.7508,30.5491,-0.9125,0.2651,10.1016/j.tet.2011.11.070
per_pub,Transformer,3,Em. λmax (nm),90,27.8475,31.9999,-1.0857,0.3209,10.1016/j.tet.2011.11.070
per_pub,Transformer,3,ΦF (quantum yield),90,0.1845,0.2181,0.1531,0.7308,10.1016/j.tet.2011.11.070
per_pub,Transformer,3,log ε,90,0.2556,0.3268,-0.8981,-0.1273,10.1016/j.tet.2011.11.070
per_pub,Transformer,3,Abs. λmax (nm),14,74.1367,79.9525,-3.9247,0.7921,10.1016/j.jphotobiol.2017.12.006
per_pub,Transformer,3,Em. λmax (nm),14,50.111,53.7015,-12.5831,0.8066,10.1016/j.jphotobiol.2017.12.006
per_pub,Transformer,3,ΦF (quantum yield),14,0.5305,0.5665,-6.6468,-0.6091,10.1016/j.jphotobiol.2017.12.006
per_pub,Transformer,3,log ε,14,0.2144,0.2336,-9.2984,0.4598,10.1016/j.jphotobiol.2017.12.006
per_pub,Transformer,3,Abs. λmax (nm),12,38.3617,61.885,-15.4079,0.683,10.1016/j.dyepig.2018.04.070
per_pub,Transformer,3,Em. λmax (nm),12,20.0032,33.1813,0.7387,0.6853,10.1016/j.dyepig.2018.04.070
per_pub,Transformer,3,ΦF (quantum yield),12,0.2501,0.2766,0.1467,0.8056,10.1016/j.dyepig.2018.04.070
per_pub,Transformer,3,log ε,12,0.2083,0.3207,-0.5255,-0.4589,10.1016/j.dyepig.2018.04.070
per_pub,Transformer,3,Abs. λmax (nm),43,34.5385,45.0635,-28.5046,0.2665,10.1021/acs.joc.8b02933
per_pub,Transformer,3,Em. λmax (nm),43,49.612,60.9469,-33.4031,0.3475,10.1021/acs.joc.8b02933
per_pub,Transformer,3,ΦF (quantum yield),43,0.2828,0.3309,-1.8785,0.5475,10.1021/acs.joc.8b02933
per_pub,Transformer,3,log ε,43,0.2165,0.2481,-4.4147,-0.2676,10.1021/acs.joc.8b02933
per_pub,GATv2,3,Abs. λmax (nm),138,25.7243,31.833,0.2875,0.7438,10.1021/acs.joc.6b00414
per_pub,GATv2,3,Em. λmax (nm),138,30.5928,37.8155,0.2764,0.7247,10.1021/acs.joc.6b00414
per_pub,GATv2,3,ΦF (quantum yield),138,0.3912,0.4384,-0.3152,0.3772,10.1021/acs.joc.6b00414
per_pub,GATv2,3,log ε,138,0.1807,0.2254,-0.1012,0.1774,10.1021/acs.joc.6b00414
per_pub,GATv2,3,Abs. λmax (nm),22,13.4911,16.2086,0.8216,0.7844,10.1021/ol202379w
per_pub,GATv2,3,Em. λmax (nm),22,18.5645,24.0284,0.6233,0.8361,10.1021/ol202379w
per_pub,GATv2,3,ΦF (quantum yield),20,0.4634,0.4972,-5.8746,0.373,10.1021/ol202379w
per_pub,GATv2,3,Abs. λmax (nm),100,25.7924,34.8877,0.3427,0.5941,10.1016/j.dyepig.2018.01.043
per_pub,GATv2,3,Em. λmax (nm),100,21.8244,32.8886,0.1058,0.5421,10.1016/j.dyepig.2018.01.043
per_pub,GATv2,3,ΦF (quantum yield),70,0.2498,0.3184,-0.3378,-0.0877,10.1016/j.dyepig.2018.01.043
per_pub,GATv2,3,Abs. λmax (nm),96,29.2112,35.9868,0.51,0.7782,10.1021/acs.joc.9b01425
per_pub,GATv2,3,Em. λmax (nm),96,25.5084,30.976,0.555,0.7739,10.1021/acs.joc.9b01425
per_pub,GATv2,3,ΦF (quantum yield),96,0.1991,0.2441,0.1471,0.3943,10.1021/acs.joc.9b01425
per_pub,GATv2,3,log ε,96,0.1251,0.1528,0.3145,0.6295,10.1021/acs.joc.9b01425
per_pub,GATv2,3,Abs. λmax (nm),23,44.6131,61.8324,-2.2921,-0.5791,10.1021/acs.joc.9b00020
per_pub,GATv2,3,Em. λmax (nm),23,25.2791,34.317,-1.8663,0.3018,10.1021/acs.joc.9b00020
per_pub,GATv2,3,ΦF (quantum yield),23,0.217,0.2406,-0.423,0.1155,10.1021/acs.joc.9b00020
per_pub,GATv2,3,log ε,23,0.1579,0.189,-3.6496,-0.1428,10.1021/acs.joc.9b00020
per_pub,GATv2,3,Abs. λmax (nm),83,62.1228,73.0451,-10.2564,0.7451,10.1021/ol503379c
per_pub,GATv2,3,Em. λmax (nm),83,80.0325,91.8582,-21.4757,0.6484,10.1021/ol503379c
per_pub,GATv2,3,ΦF (quantum yield),83,0.4173,0.4701,-3.0844,-0.0598,10.1021/ol503379c
per_pub,GATv2,3,log ε,81,0.1751,0.2087,-4.8532,0.1289,10.1021/ol503379c
per_pub,GATv2,3,Abs. λmax (nm),96,47.4231,49.7878,-21.5359,0.532,10.1039/c7cp08472b
per_pub,GATv2,3,Em. λmax (nm),96,66.389,69.1599,-36.4192,0.387,10.1039/c7cp08472b
per_pub,GATv2,3,ΦF (quantum yield),90,0.3391,0.3599,0.0182,0.3432,10.1039/c7cp08472b
per_pub,GATv2,3,Abs. λmax (nm),35,58.0712,60.164,-15.3395,0.1879,10.1021/acs.joc.8b01429
per_pub,GATv2,3,Em. λmax (nm),35,115.6045,119.8919,-20.2122,-0.3135,10.1021/acs.joc.8b01429
per_pub,GATv2,3,ΦF (quantum yield),33,0.3134,0.3713,-0.4967,0.4001,10.1021/acs.joc.8b01429
per_pub,GATv2,3,log ε,35,0.158,0.1945,-0.2934,-0.0783,10.1021/acs.joc.8b01429
per_pub,GATv2,3,Abs. λmax (nm),90,39.7268,41.9904,-2.6133,0.8114,10.1016/j.tet.2011.11.070
per_pub,GATv2,3,Em. λmax (nm),90,39.2818,42.5642,-2.6902,0.8368,10.1016/j.tet.2011.11.070
per_pub,GATv2,3,ΦF (quantum yield),90,0.3458,0.383,-1.6128,0.5257,10.1016/j.tet.2011.11.070
per_pub,GATv2,3,log ε,90,0.2559,0.3339,-0.9816,-0.2019,10.1016/j.tet.2011.11.070
per_pub,GATv2,3,Abs. λmax (nm),14,68.9953,87.4761,-4.8952,0.7217,10.1016/j.jphotobiol.2017.12.006
per_pub,GATv2,3,Em. λmax (nm),14,65.1262,79.6694,-28.8958,0.6571,10.1016/j.jphotobiol.2017.12.006
per_pub,GATv2,3,ΦF (quantum yield),14,0.4278,0.4632,-4.1121,0.0247,10.1016/j.jphotobiol.2017.12.006
per_pub,GATv2,3,log ε,14,0.1789,0.217,-7.8861,0.176,10.1016/j.jphotobiol.2017.12.006
per_pub,GATv2,3,Abs. λmax (nm),12,17.8134,22.3821,-1.1463,0.9562,10.1016/j.dyepig.2018.04.070
per_pub,GATv2,3,Em. λmax (nm),12,36.4605,47.4211,0.4662,0.6084,10.1016/j.dyepig.2018.04.070
per_pub,GATv2,3,ΦF (quantum yield),12,0.2105,0.2761,0.1493,0.3363,10.1016/j.dyepig.2018.04.070
per_pub,GATv2,3,log ε,12,0.204,0.2772,-0.1398,0.2904,10.1016/j.dyepig.2018.04.070
per_pub,GATv2,3,Abs. λmax (nm),43,21.673,25.0846,-8.1423,0.2559,10.1021/acs.joc.8b02933
per_pub,GATv2,3,Em. λmax (nm),43,34.1531,38.993,-13.0821,0.0975,10.1021/acs.joc.8b02933
per_pub,GATv2,3,ΦF (quantum yield),43,0.222,0.2676,-0.883,0.5171,10.1021/acs.joc.8b02933
per_pub,GATv2,3,log ε,43,0.3205,0.3411,-9.2373,0.4559,10.1021/acs.joc.8b02933
per_pub,MLP,4,Abs. λmax (nm),138,28.7954,33.8985,0.1921,0.5504,10.1021/acs.joc.6b00414
per_pub,MLP,4,Em. λmax (nm),138,25.4117,29.4263,0.5619,0.665,10.1021/acs.joc.6b00414
per_pub,MLP,4,ΦF (quantum yield),138,0.294,0.3283,0.2623,0.5962,10.1021/acs.joc.6b00414
per_pub,MLP,4,log ε,138,0.1638,0.2203,-0.0521,0.1896,10.1021/acs.joc.6b00414
per_pub,MLP,4,Abs. λmax (nm),22,25.2087,33.1068,0.2557,0.7417,10.1021/ol202379w
per_pub,MLP,4,Em. λmax (nm),22,56.1124,66.4019,-1.8769,0.7827,10.1021/ol202379w
per_pub,MLP,4,ΦF (quantum yield),20,0.4875,0.514,-6.3465,0.4913,10.1021/ol202379w
per_pub,MLP,4,Abs. λmax (nm),100,25.9435,32.5725,0.4271,0.583,10.1016/j.dyepig.2018.01.043
per_pub,MLP,4,Em. λmax (nm),100,24.7057,33.2155,0.0879,0.3936,10.1016/j.dyepig.2018.01.043
per_pub,MLP,4,ΦF (quantum yield),70,0.3067,0.3742,-0.8475,-0.1964,10.1016/j.dyepig.2018.01.043
per_pub,MLP,4,Abs. λmax (nm),96,18.9335,23.0893,0.7983,0.8589,10.1021/acs.joc.9b01425
per_pub,MLP,4,Em. λmax (nm),96,13.9589,18.9369,0.8337,0.8808,10.1021/acs.joc.9b01425
per_pub,MLP,4,ΦF (quantum yield),96,0.205,0.2425,0.1582,0.3803,10.1021/acs.joc.9b01425
per_pub,MLP,4,log ε,96,0.1677,0.2105,-0.3005,0.4506,10.1021/acs.joc.9b01425
per_pub,MLP,4,Abs. λmax (nm),23,51.3974,59.3828,-2.0364,0.1683,10.1021/acs.joc.9b00020
per_pub,MLP,4,Em. λmax (nm),23,15.2674,19.3258,0.091,0.6446,10.1021/acs.joc.9b00020
per_pub,MLP,4,ΦF (quantum yield),23,0.1449,0.1702,0.2881,0.5423,10.1021/acs.joc.9b00020
per_pub,MLP,4,log ε,23,0.2497,0.2745,-8.8098,-0.225,10.1021/acs.joc.9b00020
per_pub,MLP,4,Abs. λmax (nm),83,64.9278,76.0314,-11.1957,0.5715,10.1021/ol503379c
per_pub,MLP,4,Em. λmax (nm),83,87.6939,95.6938,-23.3919,0.4963,10.1021/ol503379c
per_pub,MLP,4,ΦF (quantum yield),83,0.3336,0.3693,-1.5203,-0.0254,10.1021/ol503379c
per_pub,MLP,4,log ε,81,0.2081,0.2332,-6.3086,0.1649,10.1021/ol503379c
per_pub,MLP,4,Abs. λmax (nm),96,22.3106,26.7193,-5.4905,0.409,10.1039/c7cp08472b
per_pub,MLP,4,Em. λmax (nm),96,32.1352,37.0421,-9.7344,-0.0249,10.1039/c7cp08472b
per_pub,MLP,4,ΦF (quantum yield),90,0.2691,0.3157,0.2445,0.6296,10.1039/c7cp08472b
per_pub,MLP,4,Abs. λmax (nm),35,27.0263,29.6163,-2.9594,0.45,10.1021/acs.joc.8b01429
per_pub,MLP,4,Em. λmax (nm),35,65.7971,74.8079,-7.2585,0.0656,10.1021/acs.joc.8b01429
per_pub,MLP,4,ΦF (quantum yield),33,0.22,0.2519,0.3112,0.674,10.1021/acs.joc.8b01429
per_pub,MLP,4,log ε,35,0.1552,0.1878,-0.2063,0.1443,10.1021/acs.joc.8b01429
per_pub,MLP,4,Abs. λmax (nm),90,19.8845,24.7106,-0.2513,0.5707,10.1016/j.tet.2011.11.070
per_pub,MLP,4,Em. λmax (nm),90,15.5494,18.8189,0.2787,0.7574,10.1016/j.tet.2011.11.070
per_pub,MLP,4,ΦF (quantum yield),90,0.4259,0.4607,-2.7794,0.6299,10.1016/j.tet.2011.11.070
per_pub,MLP,4,log ε,90,0.2543,0.316,-0.7745,0.0505,10.1016/j.tet.2011.11.070
per_pub,MLP,4,Abs. λmax (nm),14,88.1955,99.549,-6.6347,0.4928,10.1016/j.jphotobiol.2017.12.006
per_pub,MLP,4,Em. λmax (nm),14,79.0887,88.3082,-35.7307,0.7143,10.1016/j.jphotobiol.2017.12.006
per_pub,MLP,4,ΦF (quantum yield),14,0.347,0.3703,-2.2677,0.1731,10.1016/j.jphotobiol.2017.12.006
per_pub,MLP,4,log ε,14,0.2313,0.2537,-11.1412,0.3168,10.1016/j.jphotobiol.2017.12.006
per_pub,MLP,4,Abs. λmax (nm),12,18.8492,26.4483,-1.9969,0.7356,10.1016/j.dyepig.2018.04.070
per_pub,MLP,4,Em. λmax (nm),12,33.9995,46.1816,0.4938,0.6154,10.1016/j.dyepig.2018.04.070
per_pub,MLP,4,ΦF (quantum yield),12,0.2118,0.29,0.0615,0.6165,10.1016/j.dyepig.2018.04.070
per_pub,MLP,4,log ε,12,0.3597,0.4465,-1.9568,-0.4482,10.1016/j.dyepig.2018.04.070
per_pub,MLP,4,Abs. λmax (nm),43,52.1201,53.8233,-41.0901,0.7213,10.1021/acs.joc.8b02933
per_pub,MLP,4,Em. λmax (nm),43,72.7492,73.9186,-49.6059,0.5499,10.1021/acs.joc.8b02933
per_pub,MLP,4,ΦF (quantum yield),43,0.3155,0.3548,-2.3096,0.3043,10.1021/acs.joc.8b02933
per_pub,MLP,4,log ε,43,0.2802,0.2996,-6.8958,0.3216,10.1021/acs.joc.8b02933
per_pub,1D-CNN,4,Abs. λmax (nm),138,34.1851,42.3555,-0.2613,0.5269,10.1021/acs.joc.6b00414
per_pub,1D-CNN,4,Em. λmax (nm),138,36.3305,44.5226,-0.003,0.6666,10.1021/acs.joc.6b00414
per_pub,1D-CNN,4,ΦF (quantum yield),138,0.3726,0.4134,-0.1691,0.3444,10.1021/acs.joc.6b00414
per_pub,1D-CNN,4,log ε,138,0.1798,0.2171,-0.0212,0.2054,10.1021/acs.joc.6b00414
per_pub,1D-CNN,4,Abs. λmax (nm),22,56.5038,64.9956,-1.8687,0.6494,10.1021/ol202379w
per_pub,1D-CNN,4,Em. λmax (nm),22,74.3183,82.4513,-3.4357,0.6027,10.1021/ol202379w
per_pub,1D-CNN,4,ΦF (quantum yield),20,0.5583,0.6006,-9.0316,0.0656,10.1021/ol202379w
per_pub,1D-CNN,4,Abs. λmax (nm),100,29.7377,39.6061,0.1529,0.4112,10.1016/j.dyepig.2018.01.043
per_pub,1D-CNN,4,Em. λmax (nm),100,26.8014,36.2774,-0.088,0.3569,10.1016/j.dyepig.2018.01.043
per_pub,1D-CNN,4,ΦF (quantum yield),70,0.2642,0.319,-0.3422,-0.2824,10.1016/j.dyepig.2018.01.043
per_pub,1D-CNN,4,Abs. λmax (nm),96,29.3114,35.501,0.5231,0.7756,10.1021/acs.joc.9b01425
per_pub,1D-CNN,4,Em. λmax (nm),96,25.2737,29.0607,0.6083,0.8547,10.1021/acs.joc.9b01425
per_pub,1D-CNN,4,ΦF (quantum yield),96,0.266,0.3095,-0.371,0.0538,10.1021/acs.joc.9b01425
per_pub,1D-CNN,4,log ε,96,0.1299,0.1573,0.2737,0.7365,10.1021/acs.joc.9b01425
per_pub,1D-CNN,4,Abs. λmax (nm),23,35.2645,41.6135,-0.4911,0.436,10.1021/acs.joc.9b00020
per_pub,1D-CNN,4,Em. λmax (nm),23,21.6766,25.5133,-0.5843,0.2716,10.1021/acs.joc.9b00020
per_pub,1D-CNN,4,ΦF (quantum yield),23,0.1632,0.1861,0.1488,0.5755,10.1021/acs.joc.9b00020
per_pub,1D-CNN,4,log ε,23,0.091,0.1219,-0.9349,0.2691,10.1021/acs.joc.9b00020
per_pub,1D-CNN,4,Abs. λmax (nm),83,62.5773,68.7975,-8.9854,0.7519,10.1021/ol503379c
per_pub,1D-CNN,4,Em. λmax (nm),83,94.6308,98.7426,-24.9709,0.683,10.1021/ol503379c
per_pub,1D-CNN,4,ΦF (quantum yield),83,0.4819,0.5254,-4.1016,-0.0326,10.1021/ol503379c
per_pub,1D-CNN,4,log ε,81,0.1001,0.1198,-0.928,0.2054,10.1021/ol503379c
per_pub,1D-CNN,4,Abs. λmax (nm),96,36.1104,43.924,-16.5401,0.1968,10.1039/c7cp08472b
per_pub,1D-CNN,4,Em. λmax (nm),96,49.1474,56.6226,-24.0822,0.2331,10.1039/c7cp08472b
per_pub,1D-CNN,4,ΦF (quantum yield),90,0.3437,0.3856,-0.1276,0.4184,10.1039/c7cp08472b
per_pub,1D-CNN,4,Abs. λmax (nm),35,31.0137,36.4882,-5.0099,0.3465,10.1021/acs.joc.8b01429
per_pub,1D-CNN,4,Em. λmax (nm),35,79.6305,86.2095,-9.9677,0.0585,10.1021/acs.joc.8b01429
per_pub,1D-CNN,4,ΦF (quantum yield),33,0.2426,0.2863,0.1102,0.3364,10.1021/acs.joc.8b01429
per_pub,1D-CNN,4,log ε,35,0.1482,0.186,-0.1825,-0.0966,10.1021/acs.joc.8b01429
per_pub,1D-CNN,4,Abs. λmax (nm),90,17.8847,20.9867,0.0974,0.2944,10.1016/j.tet.2011.11.070
per_pub,1D-CNN,4,Em. λmax (nm),90,17.7347,19.6548,0.2131,0.3344,10.1016/j.tet.2011.11.070
per_pub,1D-CNN,4,ΦF (quantum yield),90,0.3289,0.3589,-1.2942,0.7177,10.1016/j.tet.2011.11.070
per_pub,1D-CNN,4,log ε,90,0.252,0.3237,-0.8627,-0.2572,10.1016/j.tet.2011.11.070
per_pub,1D-CNN,4,Abs. λmax (nm),14,80.377,89.4487,-5.164,0.6051,10.1016/j.jphotobiol.2017.12.006
per_pub,1D-CNN,4,Em. λmax (nm),14,81.8492,87.2459,-34.8523,0.6044,10.1016/j.jphotobiol.2017.12.006
per_pub,1D-CNN,4,ΦF (quantum yield),14,0.5096,0.5395,-5.9362,0.1101,10.1016/j.jphotobiol.2017.12.006
per_pub,1D-CNN,4,log ε,14,0.1063,0.1186,-1.6546,-0.0748,10.1016/j.jphotobiol.2017.12.006
per_pub,1D-CNN,4,Abs. λmax (nm),12,25.0115,38.6253,-5.3918,0.6655,10.1016/j.dyepig.2018.04.070
per_pub,1D-CNN,4,Em. λmax (nm),12,49.4405,66.2054,-0.0404,0.6154,10.1016/j.dyepig.2018.04.070
per_pub,1D-CNN,4,ΦF (quantum yield),12,0.235,0.2608,0.2412,0.7986,10.1016/j.dyepig.2018.04.070
per_pub,1D-CNN,4,log ε,12,0.2617,0.3037,-0.3674,0.0323,10.1016/j.dyepig.2018.04.070
per_pub,1D-CNN,4,Abs. λmax (nm),43,74.7203,82.1849,-97.1349,0.0071,10.1021/acs.joc.8b02933
per_pub,1D-CNN,4,Em. λmax (nm),43,82.7297,90.8768,-75.4892,0.2236,10.1021/acs.joc.8b02933
per_pub,1D-CNN,4,ΦF (quantum yield),43,0.3089,0.3675,-2.5509,0.4686,10.1021/acs.joc.8b02933
per_pub,1D-CNN,4,log ε,43,0.1601,0.1825,-1.9314,0.2003,10.1021/acs.joc.8b02933
per_pub,Transformer,4,Abs. λmax (nm),138,45.8715,53.9657,-1.0476,0.5507,10.1021/acs.joc.6b00414
per_pub,Transformer,4,Em. λmax (nm),138,44.1472,53.1085,-0.4272,0.7465,10.1021/acs.joc.6b00414
per_pub,Transformer,4,ΦF (quantum yield),138,0.3586,0.3975,-0.0811,0.3377,10.1021/acs.joc.6b00414
per_pub,Transformer,4,log ε,138,0.182,0.2432,-0.2819,0.2069,10.1021/acs.joc.6b00414
per_pub,Transformer,4,Abs. λmax (nm),22,25.4364,33.7989,0.2242,0.5207,10.1021/ol202379w
per_pub,Transformer,4,Em. λmax (nm),22,39.4379,48.5657,-0.5389,0.518,10.1021/ol202379w
per_pub,Transformer,4,ΦF (quantum yield),20,0.3434,0.38,-3.0152,0.5441,10.1021/ol202379w
per_pub,Transformer,4,Abs. λmax (nm),100,51.2649,70.2541,-1.6653,0.5158,10.1016/j.dyepig.2018.01.043
per_pub,Transformer,4,Em. λmax (nm),100,47.0029,59.4452,-1.9214,0.384,10.1016/j.dyepig.2018.01.043
per_pub,Transformer,4,ΦF (quantum yield),70,0.336,0.4594,-1.7842,-0.3117,10.1016/j.dyepig.2018.01.043
per_pub,Transformer,4,Abs. λmax (nm),96,41.2432,50.8431,0.0219,0.3182,10.1021/acs.joc.9b01425
per_pub,Transformer,4,Em. λmax (nm),96,33.9522,42.7417,0.1528,0.4131,10.1021/acs.joc.9b01425
per_pub,Transformer,4,ΦF (quantum yield),96,0.2512,0.3031,-0.3148,0.2974,10.1021/acs.joc.9b01425
per_pub,Transformer,4,log ε,96,0.1682,0.2009,-0.1847,0.4058,10.1021/acs.joc.9b01425
per_pub,Transformer,4,Abs. λmax (nm),23,32.764,37.8439,-0.2332,0.3667,10.1021/acs.joc.9b00020
per_pub,Transformer,4,Em. λmax (nm),23,34.1471,38.199,-2.5515,0.3112,10.1021/acs.joc.9b00020
per_pub,Transformer,4,ΦF (quantum yield),23,0.2104,0.2525,-0.5673,0.342,10.1021/acs.joc.9b00020
per_pub,Transformer,4,log ε,23,0.2324,0.2655,-8.1775,0.2845,10.1021/acs.joc.9b00020
per_pub,Transformer,4,Abs. λmax (nm),83,71.2522,81.7451,-13.0975,0.4838,10.1021/ol503379c
per_pub,Transformer,4,Em. λmax (nm),83,42.0588,53.4723,-6.6161,0.3118,10.1021/ol503379c
per_pub,Transformer,4,ΦF (quantum yield),83,0.4591,0.5386,-4.3615,-0.3036,10.1021/ol503379c
per_pub,Transformer,4,log ε,81,0.1332,0.1556,-2.255,0.0878,10.1021/ol503379c
per_pub,Transformer,4,Abs. λmax (nm),96,83.8529,89.2108,-71.3542,0.4561,10.1039/c7cp08472b
per_pub,Transformer,4,Em. λmax (nm),96,93.4151,99.3694,-76.2486,0.1844,10.1039/c7cp08472b
per_pub,Transformer,4,ΦF (quantum yield),90,0.3726,0.411,-0.2805,-0.053,10.1039/c7cp08472b
per_pub,Transformer,4,Abs. λmax (nm),35,24.2292,28.2245,-2.596,0.0495,10.1021/acs.joc.8b01429
per_pub,Transformer,4,Em. λmax (nm),35,63.7794,73.432,-6.9575,-0.163,10.1021/acs.joc.8b01429
per_pub,Transformer,4,ΦF (quantum yield),33,0.3462,0.3867,-0.6231,0.0955,10.1021/acs.joc.8b01429
per_pub,Transformer,4,log ε,35,0.2552,0.3067,-2.2177,-0.5628,10.1021/acs.joc.8b01429
per_pub,Transformer,4,Abs. λmax (nm),90,14.1127,18.1389,0.3258,0.8044,10.1016/j.tet.2011.11.070
per_pub,Transformer,4,Em. λmax (nm),90,13.4258,15.818,0.4904,0.7369,10.1016/j.tet.2011.11.070
per_pub,Transformer,4,ΦF (quantum yield),90,0.263,0.2968,-0.5686,0.6198,10.1016/j.tet.2011.11.070
per_pub,Transformer,4,log ε,90,0.3877,0.4936,-3.3299,-0.1971,10.1016/j.tet.2011.11.070
per_pub,Transformer,4,Abs. λmax (nm),14,51.2297,57.3015,-1.5296,0.6799,10.1016/j.jphotobiol.2017.12.006
per_pub,Transformer,4,Em. λmax (nm),14,39.8172,43.858,-8.0599,0.7143,10.1016/j.jphotobiol.2017.12.006
per_pub,Transformer,4,ΦF (quantum yield),14,0.3753,0.4274,-3.3539,-0.1731,10.1016/j.jphotobiol.2017.12.006
per_pub,Transformer,4,log ε,14,0.1102,0.1261,-1.9984,0.374,10.1016/j.jphotobiol.2017.12.006
per_pub,Transformer,4,Abs. λmax (nm),12,66.0908,85.521,-30.3348,0.5114,10.1016/j.dyepig.2018.04.070
per_pub,Transformer,4,Em. λmax (nm),12,43.0618,47.5361,0.4636,0.8392,10.1016/j.dyepig.2018.04.070
per_pub,Transformer,4,ΦF (quantum yield),12,0.259,0.3033,-0.0267,0.5429,10.1016/j.dyepig.2018.04.070
per_pub,Transformer,4,log ε,12,0.2618,0.3574,-0.8943,-0.3083,10.1016/j.dyepig.2018.04.070
per_pub,Transformer,4,Abs. λmax (nm),43,89.2844,93.005,-124.6761,0.2051,10.1021/acs.joc.8b02933
per_pub,Transformer,4,Em. λmax (nm),43,87.7025,93.2044,-79.4575,0.1192,10.1021/acs.joc.8b02933
per_pub,Transformer,4,ΦF (quantum yield),43,0.2993,0.3597,-2.4028,0.374,10.1021/acs.joc.8b02933
per_pub,Transformer,4,log ε,43,0.185,0.2136,-3.0157,0.1697,10.1021/acs.joc.8b02933
per_pub,GATv2,4,Abs. λmax (nm),138,25.1099,28.9009,0.4127,0.7958,10.1021/acs.joc.6b00414
per_pub,GATv2,4,Em. λmax (nm),138,20.3463,25.6479,0.6671,0.8537,10.1021/acs.joc.6b00414
per_pub,GATv2,4,ΦF (quantum yield),138,0.3733,0.3976,-0.0817,0.2103,10.1021/acs.joc.6b00414
per_pub,GATv2,4,log ε,138,0.1823,0.2327,-0.174,0.0915,10.1021/acs.joc.6b00414
per_pub,GATv2,4,Abs. λmax (nm),22,12.7916,15.8432,0.8295,0.6745,10.1021/ol202379w
per_pub,GATv2,4,Em. λmax (nm),22,16.9308,19.9595,0.7401,0.7203,10.1021/ol202379w
per_pub,GATv2,4,ΦF (quantum yield),20,0.3555,0.3938,-3.3125,0.3753,10.1021/ol202379w
per_pub,GATv2,4,Abs. λmax (nm),100,32.2339,41.6381,0.0638,0.6154,10.1016/j.dyepig.2018.01.043
per_pub,GATv2,4,Em. λmax (nm),100,36.3625,45.1467,-0.685,0.347,10.1016/j.dyepig.2018.01.043
per_pub,GATv2,4,ΦF (quantum yield),70,0.1708,0.221,0.3554,0.5895,10.1016/j.dyepig.2018.01.043
per_pub,GATv2,4,Abs. λmax (nm),96,33.4881,42.2464,0.3247,0.7651,10.1021/acs.joc.9b01425
per_pub,GATv2,4,Em. λmax (nm),96,30.495,38.522,0.3118,0.7829,10.1021/acs.joc.9b01425
per_pub,GATv2,4,ΦF (quantum yield),96,0.2398,0.2961,-0.2544,0.5832,10.1021/acs.joc.9b01425
per_pub,GATv2,4,log ε,96,0.1848,0.2295,-0.5456,0.5664,10.1021/acs.joc.9b01425
per_pub,GATv2,4,Abs. λmax (nm),23,26.3474,34.7322,-0.0387,0.5187,10.1021/acs.joc.9b00020
per_pub,GATv2,4,Em. λmax (nm),23,19.1162,22.0836,-0.187,0.3319,10.1021/acs.joc.9b00020
per_pub,GATv2,4,ΦF (quantum yield),23,0.1886,0.2213,-0.2041,0.2503,10.1021/acs.joc.9b00020
per_pub,GATv2,4,log ε,23,0.1988,0.2235,-5.5026,-0.1378,10.1021/acs.joc.9b00020
per_pub,GATv2,4,Abs. λmax (nm),83,49.1941,65.6483,-8.0921,0.3307,10.1021/ol503379c
per_pub,GATv2,4,Em. λmax (nm),83,59.7433,78.8456,-15.5589,0.0524,10.1021/ol503379c
per_pub,GATv2,4,ΦF (quantum yield),83,0.4921,0.5591,-4.7773,-0.5914,10.1021/ol503379c
per_pub,GATv2,4,log ε,81,0.166,0.2086,-4.8487,0.0107,10.1021/ol503379c
per_pub,GATv2,4,Abs. λmax (nm),96,33.5581,38.8005,-12.6869,0.2381,10.1039/c7cp08472b
per_pub,GATv2,4,Em. λmax (nm),96,51.3872,56.7988,-24.2385,0.2285,10.1039/c7cp08472b
per_pub,GATv2,4,ΦF (quantum yield),90,0.3058,0.3268,0.1902,0.6657,10.1039/c7cp08472b
per_pub,GATv2,4,Abs. λmax (nm),35,57.8812,59.5778,-15.0226,0.5459,10.1021/acs.joc.8b01429
per_pub,GATv2,4,Em. λmax (nm),35,109.508,113.1825,-17.9044,0.1459,10.1021/acs.joc.8b01429
per_pub,GATv2,4,ΦF (quantum yield),33,0.2525,0.2852,0.1171,0.5112,10.1021/acs.joc.8b01429
per_pub,GATv2,4,log ε,35,0.1522,0.185,-0.1706,-0.1852,10.1021/acs.joc.8b01429
per_pub,GATv2,4,Abs. λmax (nm),90,25.0217,30.5598,-0.9138,0.734,10.1016/j.tet.2011.11.070
per_pub,GATv2,4,Em. λmax (nm),90,26.3735,30.8405,-0.9373,0.7858,10.1016/j.tet.2011.11.070
per_pub,GATv2,4,ΦF (quantum yield),90,0.3231,0.346,-1.1327,0.6224,10.1016/j.tet.2011.11.070
per_pub,GATv2,4,log ε,90,0.2884,0.3462,-1.13,-0.0787,10.1016/j.tet.2011.11.070
per_pub,GATv2,4,Abs. λmax (nm),14,65.7878,89.8323,-5.217,0.3894,10.1016/j.jphotobiol.2017.12.006
per_pub,GATv2,4,Em. λmax (nm),14,55.1825,71.4625,-23.0538,0.4681,10.1016/j.jphotobiol.2017.12.006
per_pub,GATv2,4,ΦF (quantum yield),14,0.5234,0.5726,-6.8119,-0.8969,10.1016/j.jphotobiol.2017.12.006
per_pub,GATv2,4,log ε,14,0.1875,0.2344,-9.367,0.1254,10.1016/j.jphotobiol.2017.12.006
per_pub,GATv2,4,Abs. λmax (nm),12,22.3606,25.479,-1.7813,0.8897,10.1016/j.dyepig.2018.04.070
per_pub,GATv2,4,Em. λmax (nm),12,44.1901,57.6095,0.2122,0.5734,10.1016/j.dyepig.2018.04.070
per_pub,GATv2,4,ΦF (quantum yield),12,0.2849,0.3038,-0.0297,0.4764,10.1016/j.dyepig.2018.04.070
per_pub,GATv2,4,log ε,12,0.1698,0.2654,-0.0443,0.1613,10.1016/j.dyepig.2018.04.070
per_pub,GATv2,4,Abs. λmax (nm),43,15.467,23.4636,-6.9989,0.3731,10.1021/acs.joc.8b02933
per_pub,GATv2,4,Em. λmax (nm),43,27.6525,35.1288,-10.4293,0.372,10.1021/acs.joc.8b02933
per_pub,GATv2,4,ΦF (quantum yield),43,0.3921,0.4348,-3.9717,0.229,10.1021/acs.joc.8b02933
per_pub,GATv2,4,log ε,43,0.4419,0.4551,-17.2216,0.2558,10.1021/acs.joc.8b02933
